用户ID,Q1_常住居民,Q2_性别,Q3_年龄,Q4_职业,Q5_月收入,Q6_饮食习惯,Q7_轻食了解度,Q8_渠道_线上购物,Q8_渠道_朋友推荐,Q8_渠道_线上外卖,Q8_渠道_大型超市,Q8_渠道_便利店,Q8_渠道_健身软件,Q8_渠道_短视频,Q9_是否购买,Q10_购买频率,Q11_原因_食材健康,"Q11_原因_均衡营养,",Q11_原因_减脂瘦身,Q11_原因_养身保健,Q11_原因_口味清淡,Q11_原因_烹饪简单,",Q11_原因_颜值精致",Q11_原因_便于携带,Q12_顾虑_食品卫生,Q12_顾虑_饱腹感不足,Q12_顾虑_太清淡,Q12_顾虑_营养不均衡,Q12_顾虑_不愿尝鲜,Q12_顾虑_价格问题,Q12_顾虑_其他,Q13_食用时段,Q14_接受价格,
1,1,1,3,6,4,1,4,0,1,1,0,0,1,1,1,5,1,1,1,0,0,0,0,0,0,0,0,0,0,0,0,4,4,
2,1,1,3,6,4,1,4,0,1,0,1,0,1,0,1,4,1,1,1,1,0,0,0,0,0,0,0,0,0,0,0,2,5,
3,1,1,3,6,4,1,4,0,1,1,0,0,1,0,1,5,1,1,1,0,0,0,0,0,0,0,0,0,0,0,0,4,4,
4,1,1,3,6,4,1,4,1,1,0,0,0,1,0,1,4,1,1,1,0,0,0,0,0,0,0,0,0,0,0,0,2,4,
5,1,1,3,6,4,1,4,0,1,1,0,0,1,0,1,5,1,1,1,0,0,0,0,0,0,0,0,0,0,0,0,2,5,
6,1,1,3,6,4,1,4,1,1,1,0,0,1,1,1,5,1,1,1,0,0,0,0,0,0,0,0,0,0,0,0,4,4,
7,1,1,3,6,4,1,4,0,1,0,1,0,1,0,1,4,1,1,1,1,0,0,0,0,0,0,0,0,0,0,0,2,5,
8,1,1,3,6,4,1,4,0,1,1,0,0,1,0,1,5,1,1,1,0,0,0,0,0,0,0,0,0,0,0,0,4,4,
9,1,1,3,6,4,1,4,1,1,0,0,0,1,0,1,4,1,1,1,0,0,0,0,0,0,0,0,0,0,0,0,2,4,
10,1,1,3,6,4,1,4,0,1,1,0,0,1,0,1,5,1,1,1,0,0,0,0,0,0,0,0,0,0,0,0,2,5,
11,1,1,3,6,4,1,4,1,1,1,0,0,1,1,1,5,1,1,1,0,0,0,0,0,0,0,0,0,0,0,0,4,4,
12,1,1,3,6,4,1,4,0,1,0,1,0,1,0,1,4,1,1,1,1,0,0,0,0,0,0,0,0,0,0,0,2,5,
13,1,1,3,6,4,1,4,0,1,1,0,0,1,0,1,5,1,1,1,0,0,0,0,0,0,0,0,0,0,0,0,4,4,
14,1,1,3,6,4,1,4,1,1,0,0,0,1,0,1,4,1,1,1,0,0,0,0,0,0,0,0,0,0,0,0,2,4,
15,1,1,3,6,4,1,4,0,1,1,0,0,1,0,1,5,1,1,1,0,0,0,0,0,0,0,0,0,0,0,0,2,5,
16,1,1,3,6,4,1,4,1,1,1,0,0,1,1,1,5,1,1,1,0,0,0,0,0,0,0,0,0,0,0,0,4,4,
17,1,1,3,6,4,1,4,0,1,0,1,0,1,0,1,4,1,1,1,1,0,0,0,0,0,0,0,0,0,0,0,0,2,5
18,1,1,3,6,4,1,4,0,1,1,0,0,1,0,1,5,1,1,1,0,0,0,0,0,0,0,0,0,0,0,0,4,4,
19,1,1,3,6,4,1,4,1,1,0,0,0,1,0,1,4,1,1,1,0,0,0,0,0,0,0,0,0,0,0,0,2,4,
20,1,1,3,6,4,1,4,0,1,1,0,0,1,0,1,5,1,1,1,0,0,0,0,0,0,0,0,0,0,0,0,2,5,
21,1,1,3,6,4,1,4,1,1,1,0,0,1,1,1,5,1,1,1,0,0,0,0,0,0,0,0,0,0,0,0,4,4,
22,1,1,3,6,4,1,4,0,1,0,1,0,1,0,1,4,1,1,1,1,0,0,0,0,0,0,0,0,0,0,0,2,5,
23,1,1,3,6,4,1,4,0,1,1,0,0,1,0,1,5,1,1,1,0,0,0,0,0,0,0,0,0,0,0,0,4,4,
24,1,1,3,6,4,1,4,1,1,0,0,0,1,0,1,4,1,1,1,0,0,0,0,0,0,0,0,0,0,0,0,2,4,
25,1,1,3,6,4,1,4,0,1,1,0,0,1,0,1,5,1,1,1,0,0,0,0,0,0,0,0,0,0,0,0,2,5,
26,1,1,3,6,4,1,4,1,1,1,0,0,1,1,1,5,1,1,1,0,0,0,0,0,0,0,0,0,0,0,0,4,4,
27,1,1,3,6,4,1,4,0,1,0,1,0,1,0,1,4,1,1,1,1,0,0,0,0,0,0,0,0,0,0,0,0,2,5
28,1,1,3,6,4,1,4,0,1,1,0,0,1,0,1,5,1,1,1,0,0,0,0,0,0,0,0,0,0,0,0,4,4,
29,1,1,3,6,4,1,4,1,1,0,0,0,1,0,1,4,1,1,1,0,0,0,0,0,0,0,0,0,0,0,0,2,4,
30,1,1,3,6,4,1,4,0,1,1,0,0,1,0,1,5,1,1,1,0,0,0,0,0,0,0,0,0,0,0,0,2,5,
31,1,1,3,6,4,1,4,1,1,1,0,0,1,1,1,5,1,1,1,0,0,0,0,0,0,0,0,0,0,0,0,4,4,
32,1,1,3,6,4,1,4,0,1,0,1,0,1,0,1,4,1,1,1,1,0,0,0,0,0,0,0,0,0,0,0,2,5,
33,1,1,3,6,4,1,4,0,1,1,0,0,1,0,1,5,1,1,1,0,0,0,0,0,0,0,0,0,0,0,0,4,4,
34,1,1,3,6,4,1,4,1,1,0,0,0,1,0,1,4,1,1,1,0,0,0,0,0,0,0,0,0,0,0,0,2,4,
35,1,1,3,6,4,1,4,0,1,1,0,0,1,0,1,5,1,1,1,0,0,0,0,0,0,0,0,0,0,0,0,2,5,
36,1,1,3,6,4,1,4,1,1,1,0,0,1,1,1,5,1,1,1,0,0,0,0,0,0,0,0,0,0,0,0,4,4,
37,1,1,3,6,4,1,4,0,1,0,1,0,1,0,1,4,1,1,1,1,0,0,0,0,0,0,0,0,0,0,0,2,5,
38,1,1,3,6,4,1,4,0,1,1,0,0,1,0,1,5,1,1,1,0,0,0,0,0,0,0,0,0,0,0,0,4,4,
39,1,1,3,6,4,1,4,1,1,0,0,0,1,0,1,4,1,1,1,0,0,0,0,0,0,0,0,0,0,0,0,2,4,
40,1,1,3,6,4,1,4,0,1,1,0,0,1,0,1,5,1,1,1,0,0,0,0,0,0,0,0,0,0,0,0,2,5,
41,1,1,3,6,4,1,4,1,1,1,0,0,1,1,1,5,1,1,1,0,0,0,0,0,0,0,0,0,0,0,0,4,4,
42,1,1,3,6,4,1,4,0,1,0,1,0,1,0,1,4,1,1,1,1,0,0,0,0,0,0,0,0,0,0,0,2,5,
43,1,1,3,6,4,1,4,0,1,1,0,0,1,0,1,5,1,1,1,0,0,0,0,0,0,0,0,0,0,0,0,4,4,
44,1,1,3,6,4,1,4,1,1,0,0,0,1,0,1,4,1,1,1,0,0,0,0,0,0,0,0,0,0,0,0,2,4,
45,1,1,3,6,4,1,4,0,1,1,0,0,1,0,1,5,1,1,1,0,0,0,0,0,0,0,0,0,0,0,0,2,5,
46,1,1,3,6,4,1,4,1,1,1,0,0,1,1,1,5,1,1,1,0,0,0,0,0,0,0,0,0,0,0,0,4,4,
47,1,1,3,6,4,1,4,0,1,0,1,0,1,0,1,4,1,1,1,1,0,0,0,0,0,0,0,0,0,0,0,2,5,
48,1,1,3,6,4,1,4,0,1,1,0,0,1,0,1,5,1,1,1,0,0,0,0,0,0,0,0,0,0,0,0,4,4,
49,1,1,3,6,4,1,4,1,1,0,0,0,1,0,1,4,1,1,1,0,0,0,0,0,0,0,0,0,0,0,0,2,4,
50,1,1,3,6,4,1,4,0,1,1,0,0,1,0,1,5,1,1,1,0,0,0,0,0,0,0,0,0,0,0,0,2,5,
51,1,1,3,6,4,1,4,1,1,1,0,0,1,1,1,5,1,1,1,0,0,0,0,0,0,0,0,0,0,0,0,4,4,
52,1,1,3,6,4,1,4,0,1,0,1,0,1,0,1,4,1,1,1,1,0,0,0,0,0,0,0,0,0,0,0,2,5,
53,1,1,3,6,4,1,4,0,1,1,0,0,1,0,1,5,1,1,1,0,0,0,0,0,0,0,0,0,0,0,0,4,4,
54,1,1,3,6,4,1,4,1,1,0,0,0,1,0,1,4,1,1,1,0,0,0,0,0,0,0,0,0,0,0,0,2,4,
55,1,1,3,6,4,1,4,0,1,1,0,0,1,0,1,5,1,1,1,0,0,0,0,0,0,0,0,0,0,0,0,2,5,
56,1,1,3,6,4,1,4,1,1,1,0,0,1,1,1,5,1,1,1,0,0,0,0,0,0,0,0,0,0,0,0,4,4,
57,1,1,3,6,4,1,4,0,1,0,1,0,1,0,1,4,1,1,1,1,0,0,0,0,0,0,0,0,0,0,0,2,5,
58,1,1,3,6,4,1,4,0,1,1,0,0,1,0,1,5,1,1,1,0,0,0,0,0,0,0,0,0,0,0,0,4,4,
59,1,1,3,6,4,1,4,1,1,0,0,0,1,0,1,4,1,1,1,0,0,0,0,0,0,0,0,0,0,0,0,2,4,
60,1,1,3,6,4,1,4,0,1,1,0,0,1,0,1,5,1,1,1,0,0,0,0,0,0,0,0,0,0,0,0,2,5,
61,1,1,3,6,4,1,4,1,1,1,0,0,1,1,1,5,1,1,1,0,0,0,0,0,0,0,0,0,0,0,0,4,4,
62,1,1,3,6,4,1,4,0,1,0,1,0,1,0,1,4,1,1,1,1,0,0,0,0,0,0,0,0,0,0,0,2,5,
63,1,1,3,6,4,1,4,0,1,1,0,0,1,0,1,5,1,1,1,0,0,0,0,0,0,0,0,0,0,0,0,4,4,
64,1,1,3,6,4,1,4,1,1,0,0,0,1,0,1,4,1,1,1,0,0,0,0,0,0,0,0,0,0,0,0,2,4,
65,1,1,3,6,4,1,4,0,1,1,0,0,1,0,1,5,1,1,1,0,0,0,0,0,0,0,0,0,0,0,0,2,5,
66,1,1,3,6,4,1,4,1,1,1,0,0,1,1,1,5,1,1,1,0,0,0,0,0,0,0,0,0,0,0,0,4,4,
67,1,1,3,6,4,1,4,0,1,0,1,0,1,0,1,4,1,1,1,1,0,0,0,0,0,0,0,0,0,0,0,2,5,
68,1,1,3,6,4,1,4,0,1,1,0,0,1,0,1,5,1,1,1,0,0,0,0,0,0,0,0,0,0,0,0,4,4,
69,1,1,3,6,4,1,4,1,1,0,0,0,1,0,1,4,1,1,1,0,0,0,0,0,0,0,0,0,0,0,0,2,4,
70,1,1,3,6,4,1,4,0,1,1,0,0,1,0,1,5,1,1,1,0,0,0,0,0,0,0,0,0,0,0,0,2,5,
71,1,1,3,6,4,1,4,1,1,1,0,0,1,1,1,5,1,1,1,0,0,0,0,0,0,0,0,0,0,0,0,4,4,
72,1,1,3,6,4,1,4,0,1,0,1,0,1,0,1,4,1,1,1,1,0,0,0,0,0,0,0,0,0,0,0,2,5,
73,1,1,3,6,4,1,4,0,1,1,0,0,1,0,1,5,1,1,1,0,0,0,0,0,0,0,0,0,0,0,0,4,4,
74,1,1,3,6,4,1,4,1,1,0,0,0,1,0,1,4,1,1,1,0,0,0,0,0,0,0,0,0,0,0,0,2,4,
75,1,1,3,6,4,1,4,0,1,1,0,0,1,0,1,5,1,1,1,0,0,0,0,0,0,0,0,0,0,0,0,2,5,
76,1,1,3,6,4,1,4,1,1,1,0,0,1,1,1,5,1,1,1,0,0,0,0,0,0,0,0,0,0,0,0,4,4,
77,1,1,3,6,4,1,4,0,1,0,1,0,1,0,1,4,1,1,1,1,0,0,0,0,0,0,0,0,0,0,0,2,5,
78,1,1,3,6,4,1,4,0,1,1,0,0,1,0,1,5,1,1,1,0,0,0,0,0,0,0,0,0,0,0,0,4,4,
79,1,1,3,6,4,1,4,1,1,0,0,0,1,0,1,4,1,1,1,0,0,0,0,0,0,0,0,0,0,0,0,2,4,
80,1,1,3,6,4,1,4,0,1,1,0,0,1,0,1,5,1,1,1,0,0,0,0,0,0,0,0,0,0,0,0,2,5,
81,1,1,3,6,4,1,4,1,1,1,0,0,1,1,1,5,1,1,1,0,0,0,0,0,0,0,0,0,0,0,0,4,4,
82,1,1,3,6,4,1,4,0,1,0,1,0,1,0,1,4,1,1,1,1,0,0,0,0,0,0,0,0,0,0,0,2,5,
83,1,1,3,6,4,1,4,0,1,1,0,0,1,0,1,5,1,1,1,0,0,0,0,0,0,0,0,0,0,0,0,4,4,
84,1,1,3,6,4,1,4,1,1,0,0,0,1,0,1,4,1,1,1,0,0,0,0,0,0,0,0,0,0,0,0,2,4,
85,1,1,3,6,4,1,4,0,1,1,0,0,1,0,1,5,1,1,1,0,0,0,0,0,0,0,0,0,0,0,0,2,5,
86,1,1,3,6,4,1,4,1,1,1,0,0,1,1,1,5,1,1,1,0,0,0,0,0,0,0,0,0,0,0,0,4,4,
87,1,1,3,6,4,1,4,0,1,0,1,0,1,0,1,4,1,1,1,1,0,0,0,0,0,0,0,0,0,0,0,2,5,
88,1,1,3,6,4,1,4,0,1,1,0,0,1,0,1,5,1,1,1,0,0,0,0,0,0,0,0,0,0,0,0,4,4,
89,1,1,3,6,4,1,4,1,1,0,0,0,1,0,1,4,1,1,1,0,0,0,0,0,0,0,0,0,0,0,0,2,4,
90,1,1,3,6,4,1,4,0,1,1,0,0,1,0,1,5,1,1,1,0,0,0,0,0,0,0,0,0,0,0,0,2,5,
91,1,1,3,6,4,1,4,1,1,1,0,0,1,1,1,5,1,1,1,0,0,0,0,0,0,0,0,0,0,0,0,4,4,
92,1,1,3,6,4,1,4,0,1,0,1,0,1,0,1,4,1,1,1,1,0,0,0,0,0,0,0,0,0,0,0,2,5,
93,1,1,3,6,4,1,4,0,1,1,0,0,1,0,1,5,1,1,1,0,0,0,0,0,0,0,0,0,0,0,0,4,4,
94,1,1,3,6,4,1,4,1,1,0,0,0,1,0,1,4,1,1,1,0,0,0,0,0,0,0,0,0,0,0,0,2,4,
95,1,1,3,6,4,1,4,0,1,1,0,0,1,0,1,5,1,1,1,0,0,0,0,0,0,0,0,0,0,0,0,2,5,
96,1,1,3,6,4,1,4,1,1,1,0,0,1,1,1,5,1,1,1,0,0,0,0,0,0,0,0,0,0,0,0,4,4,
97,1,1,3,6,4,1,4,0,1,0,1,0,1,0,1,4,1,1,1,1,0,0,0,0,0,0,0,0,0,0,0,2,5,
98,1,1,3,6,4,1,4,0,1,1,0,0,1,0,1,5,1,1,1,0,0,0,0,0,0,0,0,0,0,0,0,4,4,
99,1,1,3,6,4,1,4,1,1,0,0,0,1,0,1,4,1,1,1,0,0,0,0,0,0,0,0,0,0,0,0,2,4,
100,1,1,3,6,4,1,4,0,1,1,0,0,1,0,1,5,1,1,1,0,0,0,0,0,0,0,0,0,0,0,0,2,5,
101,1,1,3,6,4,1,4,1,1,1,0,0,1,1,1,5,1,1,1,0,0,0,0,0,0,0,0,0,0,0,0,4,4,
102,1,1,3,6,4,1,4,0,1,0,1,0,1,0,1,4,1,1,1,1,0,0,0,0,0,0,0,0,0,0,0,2,5,
103,1,1,3,6,4,1,4,0,1,1,0,0,1,0,1,5,1,1,1,0,0,0,0,0,0,0,0,0,0,0,0,4,4,
104,1,1,3,6,4,1,4,1,1,0,0,0,1,0,1,4,1,1,1,0,0,0,0,0,0,0,0,0,0,0,0,2,4,
105,1,1,3,6,4,1,4,0,1,1,0,0,1,0,1,5,1,1,1,0,0,0,0,0,0,0,0,0,0,0,0,2,5,
106,1,1,3,6,4,1,4,1,1,1,0,0,1,1,1,5,1,1,1,0,0,0,0,0,0,0,0,0,0,0,0,4,4,
107,1,1,3,6,4,1,4,0,1,0,1,0,1,0,1,4,1,1,1,1,0,0,0,0,0,0,0,0,0,0,0,2,5,
108,1,1,3,6,4,1,4,0,1,1,0,0,1,0,1,5,1,1,1,0,0,0,0,0,0,0,0,0,0,0,0,4,4,
109,1,1,3,6,4,1,4,1,1,0,0,0,1,0,1,4,1,1,1,0,0,0,0,0,0,0,0,0,0,0,0,2,4,
110,1,1,3,6,4,1,4,0,1,1,0,0,1,0,1,5,1,1,1,0,0,0,0,0,0,0,0,0,0,0,0,2,5,
111,1,1,3,6,4,1,4,1,1,1,0,0,1,1,1,5,1,1,1,0,0,0,0,0,0,0,0,0,0,0,0,4,4,
112,1,1,3,6,4,1,4,0,1,0,1,0,1,0,1,4,1,1,1,1,0,0,0,0,0,0,0,0,0,0,0,2,5,
113,1,1,3,6,4,1,4,0,1,1,0,0,1,0,1,5,1,1,1,0,0,0,0,0,0,0,0,0,0,0,0,4,4,
114,1,1,3,2,1,3,3,1,1,1,0,0,0,1,1,3,0,0,1,0,1,0,1,0,0,0,0,0,0,0,0,2,3,
115,1,2,2,2,3,4,3,0,1,1,0,0,0,1,1,2,0,0,1,0,1,0,1,0,0,0,0,0,0,0,0,1,4,
116,1,1,3,2,1,3,3,1,1,1,0,0,0,1,1,3,0,0,1,0,1,0,1,0,0,0,0,0,0,0,0,2,3,
117,1,2,2,2,3,4,3,0,1,1,0,0,0,1,1,2,0,0,1,0,1,0,1,0,0,0,0,0,0,0,0,1,4,
118,1,1,3,2,1,3,3,1,1,1,0,0,0,1,1,3,0,0,1,0,1,0,1,0,0,0,0,0,0,0,0,2,3,
119,1,2,2,2,3,4,3,0,1,1,0,0,0,1,1,2,0,0,1,0,1,0,1,0,0,0,0,0,0,0,0,1,4,
120,1,1,3,2,1,3,3,1,1,1,0,0,0,1,1,3,0,0,1,0,1,0,1,0,0,0,0,0,0,0,0,2,3,
121,1,2,2,2,3,4,3,0,1,1,0,0,0,1,1,2,0,0,1,0,1,0,1,0,0,0,0,0,0,0,0,1,4,
122,1,1,3,2,1,3,3,1,1,1,0,0,0,1,1,3,0,0,1,0,1,0,1,0,0,0,0,0,0,0,0,2,3,
123,1,2,2,2,3,4,3,0,1,1,0,0,0,1,1,2,0,0,1,0,1,0,1,0,0,0,0,0,0,0,0,1,4,
124,1,1,3,2,1,3,3,1,1,1,0,0,0,1,1,3,0,0,1,0,1,0,1,0,0,0,0,0,0,0,0,2,3,
125,1,2,2,2,3,4,3,0,1,1,0,0,0,1,1,2,0,0,1,0,1,0,1,0,0,0,0,0,0,0,0,1,4,
126,1,1,3,2,1,3,3,1,1,1,0,0,0,1,1,3,0,0,1,0,1,0,1,0,0,0,0,0,0,0,0,2,3,
127,1,2,2,2,3,4,3,0,1,1,0,0,0,1,1,2,0,0,1,0,1,0,1,0,0,0,0,0,0,0,0,1,4,
128,1,1,3,2,1,3,3,1,1,1,0,0,0,1,1,3,0,0,1,0,1,0,1,0,0,0,0,0,0,0,0,2,3,
129,1,2,2,2,3,4,3,0,1,1,0,0,0,1,1,2,0,0,1,0,1,0,1,0,0,0,0,0,0,0,0,1,4,
130,1,1,3,2,1,3,3,1,1,1,0,0,0,1,1,3,0,0,1,0,1,0,1,0,0,0,0,0,0,0,0,2,3,
131,1,2,2,2,3,4,3,0,1,1,0,0,0,1,1,2,0,0,1,0,1,0,1,0,0,0,0,0,0,0,0,1,4,
132,1,1,3,2,1,3,3,1,1,1,0,0,0,1,1,3,0,0,1,0,1,0,1,0,0,0,0,0,0,0,0,2,3,
133,1,2,2,2,3,4,3,0,1,1,0,0,0,1,1,2,0,0,1,0,1,0,1,0,0,0,0,0,0,0,0,1,4,
134,1,1,3,2,1,3,3,1,1,1,0,0,0,1,1,3,0,0,1,0,1,0,1,0,0,0,0,0,0,0,0,2,3,
135,1,2,2,2,3,4,3,0,1,1,0,0,0,1,1,2,0,0,1,0,1,0,1,0,0,0,0,0,0,0,0,1,4,
136,1,1,3,2,1,3,3,1,1,1,0,0,0,1,1,3,0,0,1,0,1,0,1,0,0,0,0,0,0,0,0,2,3,
137,1,2,2,2,3,4,3,0,1,1,0,0,0,1,1,2,0,0,1,0,1,0,1,0,0,0,0,0,0,0,0,1,4,
138,1,1,3,2,1,3,3,1,1,1,0,0,0,1,1,3,0,0,1,0,1,0,1,0,0,0,0,0,0,0,0,2,3,
139,1,2,2,2,3,4,3,0,1,1,0,0,0,1,1,2,0,0,1,0,1,0,1,0,0,0,0,0,0,0,0,1,4,
140,1,1,3,2,1,3,3,1,1,1,0,0,0,1,1,3,0,0,1,0,1,0,1,0,0,0,0,0,0,0,0,2,3,
141,1,2,2,2,3,4,3,0,1,1,0,0,0,1,1,2,0,0,1,0,1,0,1,0,0,0,0,0,0,0,0,1,4,
142,1,1,3,2,1,3,3,1,1,1,0,0,0,1,1,3,0,0,1,0,1,0,1,0,0,0,0,0,0,0,0,2,3,
143,1,2,2,2,3,4,3,0,1,1,0,0,0,1,1,2,0,0,1,0,1,0,1,0,0,0,0,0,0,0,0,1,4,
144,1,1,3,2,1,3,3,1,1,1,0,0,0,1,1,3,0,0,1,0,1,0,1,0,0,0,0,0,0,0,0,2,3,
145,1,2,2,2,3,4,3,0,1,1,0,0,0,1,1,2,0,0,1,0,1,0,1,0,0,0,0,0,0,0,0,1,4,
146,1,1,3,2,1,3,3,1,1,1,0,0,0,1,1,3,0,0,1,0,1,0,1,0,0,0,0,0,0,0,0,2,3,
147,1,2,2,2,3,4,3,0,1,1,0,0,0,1,1,2,0,0,1,0,1,0,1,0,0,0,0,0,0,0,0,1,4,
148,1,1,3,2,1,3,3,1,1,1,0,0,0,1,1,3,0,0,1,0,1,0,1,0,0,0,0,0,0,0,0,2,3,
149,1,2,2,2,3,4,3,0,1,1,0,0,0,1,1,2,0,0,1,0,1,0,1,0,0,0,0,0,0,0,0,1,4,
150,1,1,3,2,1,3,3,1,1,1,0,0,0,1,1,3,0,0,1,0,1,0,1,0,0,0,0,0,0,0,0,2,3,
151,1,2,2,2,3,4,3,0,1,1,0,0,0,1,1,2,0,0,1,0,1,0,1,0,0,0,0,0,0,0,0,1,4,
152,1,1,3,2,1,3,3,1,1,1,0,0,0,1,1,3,0,0,1,0,1,0,1,0,0,0,0,0,0,0,0,2,3,
153,1,2,2,2,3,4,3,0,1,1,0,0,0,1,1,2,0,0,1,0,1,0,1,0,0,0,0,0,0,0,0,1,4,
154,1,1,3,2,1,3,3,1,1,1,0,0,0,1,1,3,0,0,1,0,1,0,1,0,0,0,0,0,0,0,0,2,3,
155,1,2,2,2,3,4,3,0,1,1,0,0,0,1,1,2,0,0,1,0,1,0,1,0,0,0,0,0,0,0,0,1,4,
156,1,1,3,2,1,3,3,1,1,1,0,0,0,1,1,3,0,0,1,0,1,0,1,0,0,0,0,0,0,0,0,2,3,
157,1,2,2,2,3,4,3,0,1,1,0,0,0,1,1,2,0,0,1,0,1,0,1,0,0,0,0,0,0,0,0,1,4,
158,1,1,3,2,1,3,3,1,1,1,0,0,0,1,1,3,0,0,1,0,1,0,1,0,0,0,0,0,0,0,0,2,3,
159,1,2,2,2,3,4,3,0,1,1,0,0,0,1,1,2,0,0,1,0,1,0,1,0,0,0,0,0,0,0,0,1,4,
160,1,1,3,2,1,3,3,1,1,1,0,0,0,1,1,3,0,0,1,0,1,0,1,0,0,0,0,0,0,0,0,2,3,
161,1,2,2,2,3,4,3,0,1,1,0,0,0,1,1,2,0,0,1,0,1,0,1,0,0,0,0,0,0,0,0,1,4,
162,1,1,3,2,1,3,3,1,1,1,0,0,0,1,1,3,0,0,1,0,1,0,1,0,0,0,0,0,0,0,0,2,3,
163,1,2,2,2,3,4,3,0,1,1,0,0,0,1,1,2,0,0,1,0,1,0,1,0,0,0,0,0,0,0,0,1,4,
164,1,1,3,2,1,3,3,1,1,1,0,0,0,1,1,3,0,0,1,0,1,0,1,0,0,0,0,0,0,0,0,2,3,
165,1,2,2,2,3,4,3,0,1,1,0,0,0,1,1,2,0,0,1,0,1,0,1,0,0,0,0,0,0,0,0,1,4,
166,1,1,3,2,1,3,3,1,1,1,0,0,0,1,1,3,0,0,1,0,1,0,1,0,0,0,0,0,0,0,0,2,3,
167,1,2,2,2,3,4,3,0,1,1,0,0,0,1,1,2,0,0,1,0,1,0,1,0,0,0,0,0,0,0,0,1,4,
168,1,1,3,2,1,3,3,1,1,1,0,0,0,1,1,3,0,0,1,0,1,0,1,0,0,0,0,0,0,0,0,2,3,
169,1,2,2,2,3,4,3,0,1,1,0,0,0,1,1,2,0,0,1,0,1,0,1,0,0,0,0,0,0,0,0,1,4,
170,1,1,3,2,1,3,3,1,1,1,0,0,0,1,1,3,0,0,1,0,1,0,1,0,0,0,0,0,0,0,0,2,3,
171,1,2,2,2,3,4,3,0,1,1,0,0,0,1,1,2,0,0,1,0,1,0,1,0,0,0,0,0,0,0,0,1,4,
172,1,1,3,2,1,3,3,1,1,1,0,0,0,1,1,3,0,0,1,0,1,0,1,0,0,0,0,0,0,0,0,2,3,
173,1,2,2,2,3,4,3,0,1,1,0,0,0,1,1,2,0,0,1,0,1,0,1,0,0,0,0,0,0,0,0,1,4,
174,1,1,3,2,1,3,3,1,1,1,0,0,0,1,1,3,0,0,1,0,1,0,1,0,0,0,0,0,0,0,0,2,3,
175,1,2,2,2,3,4,3,0,1,1,0,0,0,1,1,2,0,0,1,0,1,0,1,0,0,0,0,0,0,0,0,1,4,
176,1,1,3,2,1,3,3,1,1,1,0,0,0,1,1,3,0,0,1,0,1,0,1,0,0,0,0,0,0,0,0,2,3,
177,1,2,2,2,3,4,3,0,1,1,0,0,0,1,1,2,0,0,1,0,1,0,1,0,0,0,0,0,0,0,0,1,4,
178,1,1,3,2,1,3,3,1,1,1,0,0,0,1,1,3,0,0,1,0,1,0,1,0,0,0,0,0,0,0,0,2,3,
179,1,2,2,2,3,4,3,0,1,1,0,0,0,1,1,2,0,0,1,0,1,0,1,0,0,0,0,0,0,0,0,1,4,
180,1,1,3,2,1,3,3,1,1,1,0,0,0,1,1,3,0,0,1,0,1,0,1,0,0,0,0,0,0,0,0,2,3,
181,1,2,2,2,3,4,3,0,1,1,0,0,0,1,1,2,0,0,1,0,1,0,1,0,0,0,0,0,0,0,0,1,4,
182,1,1,3,2,1,3,3,1,1,1,0,0,0,1,1,3,0,0,1,0,1,0,1,0,0,0,0,0,0,0,0,2,3,
183,1,2,2,2,3,4,3,0,1,1,0,0,0,1,1,2,0,0,1,0,1,0,1,0,0,0,0,0,0,0,0,1,4,
184,1,1,3,2,1,3,3,1,1,1,0,0,0,1,1,3,0,0,1,0,1,0,1,0,0,0,0,0,0,0,0,2,3,
185,1,2,2,2,3,4,3,0,1,1,0,0,0,1,1,2,0,0,1,0,1,0,1,0,0,0,0,0,0,0,0,1,4,
186,1,1,3,2,1,3,3,1,1,1,0,0,0,1,1,3,0,0,1,0,1,0,1,0,0,0,0,0,0,0,0,2,3,
187,1,2,2,2,3,4,3,0,1,1,0,0,0,1,1,2,0,0,1,0,1,0,1,0,0,0,0,0,0,0,0,1,4,
188,1,1,3,2,1,3,3,1,1,1,0,0,0,1,1,3,0,0,1,0,1,0,1,0,0,0,0,0,0,0,0,2,3,
189,1,2,2,2,3,4,3,0,1,1,0,0,0,1,1,2,0,0,1,0,1,0,1,0,0,0,0,0,0,0,0,1,4,
190,1,1,3,2,1,3,3,1,1,1,0,0,0,1,1,3,0,0,1,0,1,0,1,0,0,0,0,0,0,0,0,2,3,
191,1,2,2,2,3,4,3,0,1,1,0,0,0,1,1,2,0,0,1,0,1,0,1,0,0,0,0,0,0,0,0,1,4,
192,1,1,3,2,1,3,3,1,1,1,0,0,0,1,1,3,0,0,1,0,1,0,1,0,0,0,0,0,0,0,0,2,3,
193,1,2,2,2,3,4,3,0,1,1,0,0,0,1,1,2,0,0,1,0,1,0,1,0,0,0,0,0,0,0,0,1,4,
194,1,1,3,2,1,3,3,1,1,1,0,0,0,1,1,3,0,0,1,0,1,0,1,0,0,0,0,0,0,0,0,2,3,
195,1,2,2,2,3,4,3,0,1,1,0,0,0,1,1,2,0,0,1,0,1,0,1,0,0,0,0,0,0,0,0,1,4,
196,1,1,3,2,1,3,3,1,1,1,0,0,0,1,1,3,0,0,1,0,1,0,1,0,0,0,0,0,0,0,0,2,3,
197,1,2,2,2,3,4,3,0,1,1,0,0,0,1,1,2,0,0,1,0,1,0,1,0,0,0,0,0,0,0,0,1,4,
198,1,1,3,2,1,3,3,1,1,1,0,0,0,1,1,3,0,0,1,0,1,0,1,0,0,0,0,0,0,0,0,2,3,
199,1,2,2,2,3,4,3,0,1,1,0,0,0,1,1,2,0,0,1,0,1,0,1,0,0,0,0,0,0,0,0,1,4,
200,1,1,3,2,1,3,3,1,1,1,0,0,0,1,1,3,0,0,1,0,1,0,1,0,0,0,0,0,0,0,0,2,3,
201,1,2,2,2,3,4,3,0,1,1,0,0,0,1,1,2,0,0,1,0,1,0,1,0,0,0,0,0,0,0,0,1,4,
202,1,1,3,2,1,3,3,1,1,1,0,0,0,1,1,3,0,0,1,0,1,0,1,0,0,0,0,0,0,0,0,2,3,
203,1,2,2,2,3,4,3,0,1,1,0,0,0,1,1,2,0,0,1,0,1,0,1,0,0,0,0,0,0,0,0,1,4,
204,1,1,3,2,1,3,3,1,1,1,0,0,0,1,1,3,0,0,1,0,1,0,1,0,0,0,0,0,0,0,0,2,3,
205,1,2,2,2,3,4,3,0,1,1,0,0,0,1,1,2,0,0,1,0,1,0,1,0,0,0,0,0,0,0,0,1,4,
206,1,1,3,2,1,3,3,1,1,1,0,0,0,1,1,3,0,0,1,0,1,0,1,0,0,0,0,0,0,0,0,2,3,
207,1,2,2,2,3,4,3,0,1,1,0,0,0,1,1,2,0,0,1,0,1,0,1,0,0,0,0,0,0,0,0,1,4,
208,1,1,3,2,1,3,3,1,1,1,0,0,0,1,1,3,0,0,1,0,1,0,1,0,0,0,0,0,0,0,0,2,3,
209,1,2,2,2,3,4,3,0,1,1,0,0,0,1,1,2,0,0,1,0,1,0,1,0,0,0,0,0,0,0,0,1,4,
210,1,1,3,2,1,3,3,1,1,1,0,0,0,1,1,3,0,0,1,0,1,0,1,0,0,0,0,0,0,0,0,2,3,
211,1,2,2,2,3,4,3,0,1,1,0,0,0,1,1,2,0,0,1,0,1,0,1,0,0,0,0,0,0,0,0,1,4,
212,1,1,3,2,1,3,3,1,1,1,0,0,0,1,1,3,0,0,1,0,1,0,1,0,0,0,0,0,0,0,0,2,3,
213,1,2,2,2,3,4,3,0,1,1,0,0,0,1,1,2,0,0,1,0,1,0,1,0,0,0,0,0,0,0,0,1,4,
214,1,1,3,2,1,3,3,1,1,1,0,0,0,1,1,3,0,0,1,0,1,0,1,0,0,0,0,0,0,0,0,2,3,
215,1,2,2,2,3,4,3,0,1,1,0,0,0,1,1,2,0,0,1,0,1,0,1,0,0,0,0,0,0,0,0,1,4,
216,1,1,3,2,1,3,3,1,1,1,0,0,0,1,1,3,0,0,1,0,1,0,1,0,0,0,0,0,0,0,0,2,3,
217,1,2,2,2,3,4,3,0,1,1,0,0,0,1,1,2,0,0,1,0,1,0,1,0,0,0,0,0,0,0,0,1,4,
218,1,1,3,2,1,3,3,1,1,1,0,0,0,1,1,3,0,0,1,0,1,0,1,0,0,0,0,0,0,0,0,2,3,
219,1,2,2,2,3,4,3,0,1,1,0,0,0,1,1,2,0,0,1,0,1,0,1,0,0,0,0,0,0,0,0,1,4,
220,1,1,3,2,1,3,3,1,1,1,0,0,0,1,1,3,0,0,1,0,1,0,1,0,0,0,0,0,0,0,0,2,3,
221,1,2,2,2,3,4,3,0,1,1,0,0,0,1,1,2,0,0,1,0,1,0,1,0,0,0,0,0,0,0,0,1,4,
222,1,1,3,2,1,3,3,1,1,1,0,0,0,1,1,3,0,0,1,0,1,0,1,0,0,0,0,0,0,0,0,2,3,
223,1,2,2,2,3,4,3,0,1,1,0,0,0,1,1,2,0,0,1,0,1,0,1,0,0,0,0,0,0,0,0,1,4,
224,1,1,3,2,1,3,3,1,1,1,0,0,0,1,1,3,0,0,1,0,1,0,1,0,0,0,0,0,0,0,0,2,3,
225,1,2,2,2,3,4,3,0,1,1,0,0,0,1,1,2,0,0,1,0,1,0,1,0,0,0,0,0,0,0,0,1,4,
226,1,1,3,2,1,3,3,1,1,1,0,0,0,1,1,3,0,0,1,0,1,0,1,0,0,0,0,0,0,0,0,2,3,
227,1,2,2,2,3,4,3,0,1,1,0,0,0,1,1,2,0,0,1,0,1,0,1,0,0,0,0,0,0,0,0,1,4,
228,1,1,3,2,1,3,3,1,1,1,0,0,0,1,1,3,0,0,1,0,1,0,1,0,0,0,0,0,0,0,0,2,3,
229,1,2,2,2,3,4,3,0,1,1,0,0,0,1,1,2,0,0,1,0,1,0,1,0,0,0,0,0,0,0,0,1,4,
230,1,1,3,2,1,3,3,1,1,1,0,0,0,1,1,3,0,0,1,0,1,0,1,0,0,0,0,0,0,0,0,2,3,
231,1,2,2,2,3,4,3,0,1,1,0,0,0,1,1,2,0,0,1,0,1,0,1,0,0,0,0,0,0,0,0,1,4,
232,1,1,3,2,1,3,3,1,1,1,0,0,0,1,1,3,0,0,1,0,1,0,1,0,0,0,0,0,0,0,0,2,3,
233,1,2,2,2,3,4,3,0,1,1,0,0,0,1,1,2,0,0,1,0,1,0,1,0,0,0,0,0,0,0,0,1,4,
234,1,1,3,2,1,3,3,1,1,1,0,0,0,1,1,3,0,0,1,0,1,0,1,0,0,0,0,0,0,0,0,2,3,
235,1,2,2,2,3,4,3,0,1,1,0,0,0,1,1,2,0,0,1,0,1,0,1,0,0,0,0,0,0,0,0,1,4,
236,1,1,3,2,1,3,3,1,1,1,0,0,0,1,1,3,0,0,1,0,1,0,1,0,0,0,0,0,0,0,0,2,3,
237,1,2,2,2,3,4,3,0,1,1,0,0,0,1,1,2,0,0,1,0,1,0,1,0,0,0,0,0,0,0,0,1,4,
238,1,1,3,2,1,3,3,1,1,1,0,0,0,1,1,3,0,0,1,0,1,0,1,0,0,0,0,0,0,0,0,2,3,
239,1,2,2,2,3,4,3,0,1,1,0,0,0,1,1,2,0,0,1,0,1,0,1,0,0,0,0,0,0,0,0,1,4,
240,1,1,3,2,1,3,3,1,1,1,0,0,0,1,1,3,0,0,1,0,1,0,1,0,0,0,0,0,0,0,0,2,3,
241,1,2,2,2,3,4,3,0,1,1,0,0,0,1,1,2,0,0,1,0,1,0,1,0,0,0,0,0,0,0,0,1,4,
242,1,1,3,2,1,3,3,1,1,1,0,0,0,1,1,3,0,0,1,0,1,0,1,0,0,0,0,0,0,0,0,2,3,
243,1,2,2,2,3,4,3,0,1,1,0,0,0,1,1,2,0,0,1,0,1,0,1,0,0,0,0,0,0,0,0,1,4,
244,1,1,3,2,1,3,3,1,1,1,0,0,0,1,1,3,0,0,1,0,1,0,1,0,0,0,0,0,0,0,0,2,3,
245,1,2,2,2,3,4,3,0,1,1,0,0,0,1,1,2,0,0,1,0,1,0,1,0,0,0,0,0,0,0,0,1,4,
246,1,1,3,2,1,3,3,1,1,1,0,0,0,1,1,3,0,0,1,0,1,0,1,0,0,0,0,0,0,0,0,2,3,
247,1,2,2,2,3,4,3,0,1,1,0,0,0,1,1,2,0,0,1,0,1,0,1,0,0,0,0,0,0,0,0,1,4,
248,1,1,3,2,1,3,3,1,1,1,0,0,0,1,1,3,0,0,1,0,1,0,1,0,0,0,0,0,0,0,0,2,3,
249,1,2,2,2,3,4,3,0,1,1,0,0,0,1,1,2,0,0,1,0,1,0,1,0,0,0,0,0,0,0,0,1,4,
250,1,1,3,2,1,3,3,1,1,1,0,0,0,1,1,3,0,0,1,0,1,0,1,0,0,0,0,0,0,0,0,2,3,
251,1,2,2,2,3,4,3,0,1,1,0,0,0,1,1,2,0,0,1,0,1,0,1,0,0,0,0,0,0,0,0,1,4,
252,1,1,3,2,1,3,3,1,1,1,0,0,0,1,1,3,0,0,1,0,1,0,1,0,0,0,0,0,0,0,0,2,3,
253,1,2,2,2,3,4,3,0,1,1,0,0,0,1,1,2,0,0,1,0,1,0,1,0,0,0,0,0,0,0,0,1,4,
254,1,1,3,2,1,3,3,1,1,1,0,0,0,1,1,3,0,0,1,0,1,0,1,0,0,0,0,0,0,0,0,2,3,
255,1,2,2,2,3,4,3,0,1,1,0,0,0,1,1,2,0,0,1,0,1,0,1,0,0,0,0,0,0,0,0,1,4,
256,1,1,3,2,1,3,3,1,1,1,0,0,0,1,1,3,0,0,1,0,1,0,1,0,0,0,0,0,0,0,0,2,3,
257,1,2,2,2,3,4,3,0,1,1,0,0,0,1,1,2,0,0,1,0,1,0,1,0,0,0,0,0,0,0,0,1,4,
258,1,1,3,2,1,3,3,1,1,1,0,0,0,1,1,3,0,0,1,0,1,0,1,0,0,0,0,0,0,0,0,2,3,
259,1,2,2,2,3,4,3,0,1,1,0,0,0,1,1,2,0,0,1,0,1,0,1,0,0,0,0,0,0,0,0,1,4,
260,1,1,3,2,1,3,3,1,1,1,0,0,0,1,1,3,0,0,1,0,1,0,1,0,0,0,0,0,0,0,0,2,3,
261,1,2,2,2,3,4,3,0,1,1,0,0,0,1,1,2,0,0,1,0,1,0,1,0,0,0,0,0,0,0,0,1,4,
262,1,1,3,2,1,3,3,1,1,1,0,0,0,1,1,3,0,0,1,0,1,0,1,0,0,0,0,0,0,0,0,2,3,
263,1,2,2,2,3,4,3,0,1,1,0,0,0,1,1,2,0,0,1,0,1,0,1,0,0,0,0,0,0,0,0,1,4,
264,1,1,3,2,1,3,3,1,1,1,0,0,0,1,1,3,0,0,1,0,1,0,1,0,0,0,0,0,0,0,0,2,3,
265,1,2,2,2,3,4,3,0,1,1,0,0,0,1,1,2,0,0,1,0,1,0,1,0,0,0,0,0,0,0,0,1,4,
266,1,1,3,2,1,3,3,1,1,1,0,0,0,1,1,3,0,0,1,0,1,0,1,0,0,0,0,0,0,0,0,2,3,
267,1,2,2,2,3,4,3,0,1,1,0,0,0,1,1,2,0,0,1,0,1,0,1,0,0,0,0,0,0,0,0,1,4,
268,1,1,3,2,1,3,3,1,1,1,0,0,0,1,1,3,0,0,1,0,1,0,1,0,0,0,0,0,0,0,0,2,3,
269,1,2,2,2,3,4,3,0,1,1,0,0,0,1,1,2,0,0,1,0,1,0,1,0,0,0,0,0,0,0,0,1,4,
270,1,1,3,2,1,3,3,1,1,1,0,0,0,1,1,3,0,0,1,0,1,0,1,0,0,0,0,0,0,0,0,2,3,
271,1,2,2,2,3,4,3,0,1,1,0,0,0,1,1,2,0,0,1,0,1,0,1,0,0,0,0,0,0,0,0,1,4,
272,1,1,3,2,1,3,3,1,1,1,0,0,0,1,1,3,0,0,1,0,1,0,1,0,0,0,0,0,0,0,0,2,3,
273,1,2,2,2,3,4,3,0,1,1,0,0,0,1,1,2,0,0,1,0,1,0,1,0,0,0,0,0,0,0,0,1,4,
274,1,1,3,2,1,3,3,1,1,1,0,0,0,1,1,3,0,0,1,0,1,0,1,0,0,0,0,0,0,0,0,2,3,
275,1,2,2,2,3,4,3,0,1,1,0,0,0,1,1,2,0,0,1,0,1,0,1,0,0,0,0,0,0,0,0,1,4,
276,1,1,3,2,1,3,3,1,1,1,0,0,0,1,1,3,0,0,1,0,1,0,1,0,0,0,0,0,0,0,0,2,3,
277,1,2,2,2,3,4,3,0,1,1,0,0,0,1,1,2,0,0,1,0,1,0,1,0,0,0,0,0,0,0,0,1,4,
278,1,1,3,2,1,3,3,1,1,1,0,0,0,1,1,3,0,0,1,0,1,0,1,0,0,0,0,0,0,0,0,2,3,
279,1,2,2,2,3,4,3,0,1,1,0,0,0,1,1,2,0,0,1,0,1,0,1,0,0,0,0,0,0,0,0,1,4,
280,1,1,3,2,1,3,3,1,1,1,0,0,0,1,1,3,0,0,1,0,1,0,1,0,0,0,0,0,0,0,0,2,3,
281,1,2,2,2,3,4,3,0,1,1,0,0,0,1,1,2,0,0,1,0,1,0,1,0,0,0,0,0,0,0,0,1,4,
282,1,1,3,2,1,3,3,1,1,1,0,0,0,1,1,3,0,0,1,0,1,0,1,0,0,0,0,0,0,0,0,2,3,
283,1,2,2,2,3,4,3,0,1,1,0,0,0,1,1,2,0,0,1,0,1,0,1,0,0,0,0,0,0,0,0,1,4,
284,1,1,3,2,1,3,3,1,1,1,0,0,0,1,1,3,0,0,1,0,1,0,1,0,0,0,0,0,0,0,0,2,3,
285,1,2,2,2,3,4,3,0,1,1,0,0,0,1,1,2,0,0,1,0,1,0,1,0,0,0,0,0,0,0,0,1,4,
286,1,1,3,2,1,3,3,1,1,1,0,0,0,1,1,3,0,0,1,0,1,0,1,0,0,0,0,0,0,0,0,2,3,
287,1,2,2,2,3,4,3,0,1,1,0,0,0,1,1,2,0,0,1,0,1,0,1,0,0,0,0,0,0,0,0,1,4,
288,1,1,3,2,1,3,3,1,1,1,0,0,0,1,1,3,0,0,1,0,1,0,1,0,0,0,0,0,0,0,0,2,3,
289,1,2,2,2,3,4,3,0,1,1,0,0,0,1,1,2,0,0,1,0,1,0,1,0,0,0,0,0,0,0,0,1,4,
290,1,1,3,2,1,3,3,1,1,1,0,0,0,1,1,3,0,0,1,0,1,0,1,0,0,0,0,0,0,0,0,2,3,
291,1,2,2,2,3,4,3,0,1,1,0,0,0,1,1,2,0,0,1,0,1,0,1,0,0,0,0,0,0,0,0,1,4,
292,1,1,3,2,1,3,3,1,1,1,0,0,0,1,1,3,0,0,1,0,1,0,1,0,0,0,0,0,0,0,0,2,3,
293,1,2,2,2,3,4,3,0,1,1,0,0,0,1,1,2,0,0,1,0,1,0,1,0,0,0,0,0,0,0,0,1,4,
294,1,1,3,2,1,3,3,1,1,1,0,0,0,1,1,3,0,0,1,0,1,0,1,0,0,0,0,0,0,0,0,2,3,
295,1,2,2,2,3,4,3,0,1,1,0,0,0,1,1,2,0,0,1,0,1,0,1,0,0,0,0,0,0,0,0,1,4,
296,1,1,3,2,1,3,3,1,1,1,0,0,0,1,1,3,0,0,1,0,1,0,1,0,0,0,0,0,0,0,0,2,3,
297,1,2,2,2,3,4,3,0,1,1,0,0,0,1,1,2,0,0,1,0,1,0,1,0,0,0,0,0,0,0,0,1,4,
298,1,1,3,2,1,3,3,1,1,1,0,0,0,1,1,3,0,0,1,0,1,0,1,0,0,0,0,0,0,0,0,2,3,
299,1,2,2,2,3,4,3,0,1,1,0,0,0,1,1,2,0,0,1,0,1,0,1,0,0,0,0,0,0,0,0,1,4,
300,1,1,3,2,1,3,3,1,1,1,0,0,0,1,1,3,0,0,1,0,1,0,1,0,0,0,0,0,0,0,0,2,3,
301,1,2,2,2,3,4,3,0,1,1,0,0,0,1,1,2,0,0,1,0,1,0,1,0,0,0,0,0,0,0,0,1,4,
302,1,1,3,2,1,3,3,1,1,1,0,0,0,1,1,3,0,0,1,0,1,0,1,0,0,0,0,0,0,0,0,2,3,
303,1,2,2,2,3,4,3,0,1,1,0,0,0,1,1,2,0,0,1,0,1,0,1,0,0,0,0,0,0,0,0,1,4,
304,1,1,3,2,1,3,3,1,1,1,0,0,0,1,1,3,0,0,1,0,1,0,1,0,0,0,0,0,0,0,0,2,3,
305,1,2,2,2,3,4,3,0,1,1,0,0,0,1,1,2,0,0,1,0,1,0,1,0,0,0,0,0,0,0,0,1,4,
306,1,1,3,2,1,3,3,1,1,1,0,0,0,1,1,3,0,0,1,0,1,0,1,0,0,0,0,0,0,0,0,2,3,
307,1,2,2,2,3,4,3,0,1,1,0,0,0,1,1,2,0,0,1,0,1,0,1,0,0,0,0,0,0,0,0,1,4,
308,1,1,3,2,1,3,3,1,1,1,0,0,0,1,1,3,0,0,1,0,1,0,1,0,0,0,0,0,0,0,0,2,3,
309,1,2,2,2,3,4,3,0,1,1,0,0,0,1,1,2,0,0,1,0,1,0,1,0,0,0,0,0,0,0,0,1,4,
310,1,1,3,2,1,3,3,1,1,1,0,0,0,1,1,3,0,0,1,0,1,0,1,0,0,0,0,0,0,0,0,2,3,
311,1,2,2,2,3,4,3,0,1,1,0,0,0,1,1,2,0,0,1,0,1,0,1,0,0,0,0,0,0,0,0,1,4,
312,1,1,3,2,1,3,3,1,1,1,0,0,0,1,1,3,0,0,1,0,1,0,1,0,0,0,0,0,0,0,0,2,3,
313,1,2,2,2,3,4,3,0,1,1,0,0,0,1,1,2,0,0,1,0,1,0,1,0,0,0,0,0,0,0,0,1,4,
314,1,1,3,2,1,3,3,1,1,1,0,0,0,1,1,3,0,0,1,0,1,0,1,0,0,0,0,0,0,0,0,2,3,
315,1,2,2,2,3,4,3,0,1,1,0,0,0,1,1,2,0,0,1,0,1,0,1,0,0,0,0,0,0,0,0,1,4,
316,1,1,3,2,1,3,3,1,1,1,0,0,0,1,1,3,0,0,1,0,1,0,1,0,0,0,0,0,0,0,0,2,3,
317,1,2,2,2,3,4,3,0,1,1,0,0,0,1,1,2,0,0,1,0,1,0,1,0,0,0,0,0,0,0,0,1,4,
318,1,1,3,2,1,3,3,1,1,1,0,0,0,1,1,3,0,0,1,0,1,0,1,0,0,0,0,0,0,0,0,2,3,
319,1,2,2,2,3,4,3,0,1,1,0,0,0,1,1,2,0,0,1,0,1,0,1,0,0,0,0,0,0,0,0,1,4,
320,1,1,3,2,1,3,3,1,1,1,0,0,0,1,1,3,0,0,1,0,1,0,1,0,0,0,0,0,0,0,0,2,3,
321,1,2,2,2,3,4,3,0,1,1,0,0,0,1,1,2,0,0,1,0,1,0,1,0,0,0,0,0,0,0,0,1,4,
322,1,1,3,2,1,3,3,1,1,1,0,0,0,1,1,3,0,0,1,0,1,0,1,0,0,0,0,0,0,0,0,2,3,
323,1,2,2,2,3,4,3,0,1,1,0,0,0,1,1,2,0,0,1,0,1,0,1,0,0,0,0,0,0,0,0,1,4,
324,1,1,3,2,1,3,3,1,1,1,0,0,0,1,1,3,0,0,1,0,1,0,1,0,0,0,0,0,0,0,0,2,3,
325,1,2,2,2,3,4,3,0,1,1,0,0,0,1,1,2,0,0,1,0,1,0,1,0,0,0,0,0,0,0,0,1,4,
326,1,1,3,2,1,3,3,1,1,1,0,0,0,1,1,3,0,0,1,0,1,0,1,0,0,0,0,0,0,0,0,2,3,
327,1,2,2,2,3,4,3,0,1,1,0,0,0,1,1,2,0,0,1,0,1,0,1,0,0,0,0,0,0,0,0,1,4,
328,1,1,3,2,1,3,3,1,1,1,0,0,0,1,1,3,0,0,1,0,1,0,1,0,0,0,0,0,0,0,0,2,3,
329,1,2,2,2,3,4,3,0,1,1,0,0,0,1,1,2,0,0,1,0,1,0,1,0,0,0,0,0,0,0,0,1,4,
330,1,1,3,2,1,3,3,1,1,1,0,0,0,1,1,3,0,0,1,0,1,0,1,0,0,0,0,0,0,0,0,2,3,
331,1,2,2,2,3,4,3,0,1,1,0,0,0,1,1,2,0,0,1,0,1,0,1,0,0,0,0,0,0,0,0,1,4,
332,1,1,3,2,1,3,3,1,1,1,0,0,0,1,1,3,0,0,1,0,1,0,1,0,0,0,0,0,0,0,0,2,3,
333,1,2,2,2,3,4,3,0,1,1,0,0,0,1,1,2,0,0,1,0,1,0,1,0,0,0,0,0,0,0,0,1,4,
334,1,1,3,2,1,3,3,1,1,1,0,0,0,1,1,3,0,0,1,0,1,0,1,0,0,0,0,0,0,0,0,2,3,
335,1,2,2,2,3,4,3,0,1,1,0,0,0,1,1,2,0,0,1,0,1,0,1,0,0,0,0,0,0,0,0,1,4,
336,1,1,3,2,1,3,3,1,1,1,0,0,0,1,1,3,0,0,1,0,1,0,1,0,0,0,0,0,0,0,0,2,3,
337,1,2,2,2,3,4,3,0,1,1,0,0,0,1,1,2,0,0,1,0,1,0,1,0,0,0,0,0,0,0,0,1,4,
338,1,1,3,2,1,3,3,1,1,1,0,0,0,1,1,3,0,0,1,0,1,0,1,0,0,0,0,0,0,0,0,2,3,
339,1,2,2,2,3,4,3,0,1,1,0,0,0,1,1,2,0,0,1,0,1,0,1,0,0,0,0,0,0,0,0,1,4,
340,1,1,3,2,1,3,3,1,1,1,0,0,0,1,1,3,0,0,1,0,1,0,1,0,0,0,0,0,0,0,0,2,3,
341,1,2,2,2,3,4,3,0,1,1,0,0,0,1,1,2,0,0,1,0,1,0,1,0,0,0,0,0,0,0,0,1,4,
342,1,1,3,2,1,3,3,1,1,1,0,0,0,1,1,3,0,0,1,0,1,0,1,0,0,0,0,0,0,0,0,2,3,
343,1,2,2,2,3,4,3,0,1,1,0,0,0,1,1,2,0,0,1,0,1,0,1,0,0,0,0,0,0,0,0,1,4,
344,1,1,3,2,1,3,3,1,1,1,0,0,0,1,1,3,0,0,1,0,1,0,1,0,0,0,0,0,0,0,0,2,3,
345,1,2,2,2,3,4,3,0,1,1,0,0,0,1,1,2,0,0,1,0,1,0,1,0,0,0,0,0,0,0,0,1,4,
346,1,1,3,2,1,3,3,1,1,1,0,0,0,1,1,3,0,0,1,0,1,0,1,0,0,0,0,0,0,0,0,2,3,
347,1,2,2,2,3,4,3,0,1,1,0,0,0,1,1,2,0,0,1,0,1,0,1,0,0,0,0,0,0,0,0,1,4,
348,1,1,3,2,1,3,3,1,1,1,0,0,0,1,1,3,0,0,1,0,1,0,1,0,0,0,0,0,0,0,0,2,3,
349,1,2,2,2,3,4,3,0,1,1,0,0,0,1,1,2,0,0,1,0,1,0,1,0,0,0,0,0,0,0,0,1,4,
350,1,1,3,2,1,3,3,1,1,1,0,0,0,1,1,3,0,0,1,0,1,0,1,0,0,0,0,0,0,0,0,2,3,
351,1,2,2,2,3,4,3,0,1,1,0,0,0,1,1,2,0,0,1,0,1,0,1,0,0,0,0,0,0,0,0,1,4,
352,1,1,3,2,1,3,3,1,1,1,0,0,0,1,1,3,0,0,1,0,1,0,1,0,0,0,0,0,0,0,0,2,3,
353,1,2,2,2,3,4,3,0,1,1,0,0,0,1,1,2,0,0,1,0,1,0,1,0,0,0,0,0,0,0,0,1,4,
354,1,1,3,2,1,3,3,1,1,1,0,0,0,1,1,3,0,0,1,0,1,0,1,0,0,0,0,0,0,0,0,2,3,
355,1,2,2,2,3,4,3,0,1,1,0,0,0,1,1,2,0,0,1,0,1,0,1,0,0,0,0,0,0,0,0,1,4,
356,1,1,3,2,1,3,3,1,1,1,0,0,0,1,1,3,0,0,1,0,1,0,1,0,0,0,0,0,0,0,0,2,3,
357,1,2,2,2,3,4,3,0,1,1,0,0,0,1,1,2,0,0,1,0,1,0,1,0,0,0,0,0,0,0,0,1,4,
358,1,1,3,2,1,3,3,1,1,1,0,0,0,1,1,3,0,0,1,0,1,0,1,0,0,0,0,0,0,0,0,2,3,
359,1,2,2,2,3,4,3,0,1,1,0,0,0,1,1,2,0,0,1,0,1,0,1,0,0,0,0,0,0,0,0,1,4,
360,1,1,3,2,1,3,3,1,1,1,0,0,0,1,1,3,0,0,1,0,1,0,1,0,0,0,0,0,0,0,0,2,3,
361,1,2,2,2,3,4,3,0,1,1,0,0,0,1,1,2,0,0,1,0,1,0,1,0,0,0,0,0,0,0,0,1,4,
362,1,1,3,2,1,3,3,1,1,1,0,0,0,1,1,3,0,0,1,0,1,0,1,0,0,0,0,0,0,0,0,2,3,
363,1,2,2,2,3,4,3,0,1,1,0,0,0,1,1,2,0,0,1,0,1,0,1,0,0,0,0,0,0,0,0,1,4,
364,1,1,3,2,1,3,3,1,1,1,0,0,0,1,1,3,0,0,1,0,1,0,1,0,0,0,0,0,0,0,0,2,3,
365,1,2,2,2,3,4,3,0,1,1,0,0,0,1,1,2,0,0,1,0,1,0,1,0,0,0,0,0,0,0,0,1,4,
366,1,1,3,2,1,3,3,1,1,1,0,0,0,1,1,3,0,0,1,0,1,0,1,0,0,0,0,0,0,0,0,2,3,
367,1,2,2,2,3,4,3,0,1,1,0,0,0,1,1,2,0,0,1,0,1,0,1,0,0,0,0,0,0,0,0,1,4,
368,1,1,3,2,1,3,3,1,1,1,0,0,0,1,1,3,0,0,1,0,1,0,1,0,0,0,0,0,0,0,0,2,3,
369,1,2,2,2,3,4,3,0,1,1,0,0,0,1,1,2,0,0,1,0,1,0,1,0,0,0,0,0,0,0,0,1,4,
370,1,1,3,2,1,3,3,1,1,1,0,0,0,1,1,3,0,0,1,0,1,0,1,0,0,0,0,0,0,0,0,2,3,
371,1,2,2,2,3,4,3,0,1,1,0,0,0,1,1,2,0,0,1,0,1,0,1,0,0,0,0,0,0,0,0,1,4,
372,1,1,3,2,1,3,3,1,1,1,0,0,0,1,1,3,0,0,1,0,1,0,1,0,0,0,0,0,0,0,0,2,3,
373,1,2,2,2,3,4,3,0,1,1,0,0,0,1,1,2,0,0,1,0,1,0,1,0,0,0,0,0,0,0,0,1,4,
374,1,1,3,2,1,3,3,1,1,1,0,0,0,1,1,3,0,0,1,0,1,0,1,0,0,0,0,0,0,0,0,2,3,
375,1,2,2,2,3,4,3,0,1,1,0,0,0,1,1,2,0,0,1,0,1,0,1,0,0,0,0,0,0,0,0,1,4,
376,1,1,3,2,1,3,3,1,1,1,0,0,0,1,1,3,0,0,1,0,1,0,1,0,0,0,0,0,0,0,0,2,3,
377,1,2,4,4,2,6,1,0,0,1,1,1,0,0,2,0,0,0,0,0,0,0,0,0,0,1,1,0,0,1,0,3,2,
378,1,1,5,4,2,5,2,0,1,1,1,0,0,0,2,0,0,0,0,0,0,0,0,0,0,1,1,0,0,1,0,1,2,
379,1,2,4,4,2,6,1,0,0,1,1,1,0,0,2,0,0,0,0,0,0,0,0,0,0,1,1,0,0,1,0,3,2,
380,1,1,5,4,2,5,2,0,1,1,1,0,0,0,2,0,0,0,0,0,0,0,0,0,0,1,1,0,0,1,0,1,2,
381,1,2,4,4,2,6,1,0,0,1,1,1,0,0,2,0,0,0,0,0,0,0,0,0,0,1,1,0,0,1,0,3,2,
382,1,1,5,4,2,5,2,0,1,1,1,0,0,0,2,0,0,0,0,0,0,0,0,0,0,1,1,0,0,1,0,1,2,
383,1,2,4,4,2,6,1,0,0,1,1,1,0,0,2,0,0,0,0,0,0,0,0,0,0,1,1,0,0,1,0,3,2,
384,1,1,5,4,2,5,2,0,1,1,1,0,0,0,2,0,0,0,0,0,0,0,0,0,0,1,1,0,0,1,0,1,2,
385,1,2,4,4,2,6,1,0,0,1,1,1,0,0,2,0,0,0,0,0,0,0,0,0,0,1,1,0,0,1,0,3,2,
386,1,1,5,4,2,5,2,0,1,1,1,0,0,0,2,0,0,0,0,0,0,0,0,0,0,1,1,0,0,1,0,1,2,
387,1,2,4,4,2,6,1,0,0,1,1,1,0,0,2,0,0,0,0,0,0,0,0,0,0,1,1,0,0,1,0,3,2,
388,1,1,5,4,2,5,2,0,1,1,1,0,0,0,2,0,0,0,0,0,0,0,0,0,0,1,1,0,0,1,0,1,2,
389,1,2,4,4,2,6,1,0,0,1,1,1,0,0,2,0,0,0,0,0,0,0,0,0,0,1,1,0,0,1,0,3,2,
390,1,1,5,4,2,5,2,0,1,1,1,0,0,0,2,0,0,0,0,0,0,0,0,0,0,1,1,0,0,1,0,1,2,
391,1,2,4,4,2,6,1,0,0,1,1,1,0,0,2,0,0,0,0,0,0,0,0,0,0,1,1,0,0,1,0,3,2,
392,1,1,5,4,2,5,2,0,1,1,1,0,0,0,2,0,0,0,0,0,0,0,0,0,0,1,1,0,0,1,0,1,2,
393,1,2,4,4,2,6,1,0,0,1,1,1,0,0,2,0,0,0,0,0,0,0,0,0,0,1,1,0,0,1,0,3,2,
394,1,1,5,4,2,5,2,0,1,1,1,0,0,0,2,0,0,0,0,0,0,0,0,0,0,1,1,0,0,1,0,1,2,
395,1,2,4,4,2,6,1,0,0,1,1,1,0,0,2,0,0,0,0,0,0,0,0,0,0,1,1,0,0,1,0,3,2,
396,1,1,5,4,2,5,2,0,1,1,1,0,0,0,2,0,0,0,0,0,0,0,0,0,0,1,1,0,0,1,0,1,2,
397,1,2,4,4,2,6,1,0,0,1,1,1,0,0,2,0,0,0,0,0,0,0,0,0,0,1,1,0,0,1,0,3,2,
398,1,1,5,4,2,5,2,0,1,1,1,0,0,0,2,0,0,0,0,0,0,0,0,0,0,1,1,0,0,1,0,1,2,
399,1,2,4,4,2,6,1,0,0,1,1,1,0,0,2,0,0,0,0,0,0,0,0,0,0,1,1,0,0,1,0,3,2,
400,1,1,5,4,2,5,2,0,1,1,1,0,0,0,2,0,0,0,0,0,0,0,0,0,0,1,1,0,0,1,0,1,2,
401,1,2,4,4,2,6,1,0,0,1,1,1,0,0,2,0,0,0,0,0,0,0,0,0,0,1,1,0,0,1,0,3,2,
402,1,1,5,4,2,5,2,0,1,1,1,0,0,0,2,0,0,0,0,0,0,0,0,0,0,1,1,0,0,1,0,1,2,
403,1,2,4,4,2,6,1,0,0,1,1,1,0,0,2,0,0,0,0,0,0,0,0,0,0,1,1,0,0,1,0,3,2,
404,1,1,5,4,2,5,2,0,1,1,1,0,0,0,2,0,0,0,0,0,0,0,0,0,0,1,1,0,0,1,0,1,2,
405,1,2,4,4,2,6,1,0,0,1,1,1,0,0,2,0,0,0,0,0,0,0,0,0,0,1,1,0,0,1,0,3,2,
406,1,1,5,4,2,5,2,0,1,1,1,0,0,0,2,0,0,0,0,0,0,0,0,0,0,1,1,0,0,1,0,1,2,
407,1,2,4,4,2,6,1,0,0,1,1,1,0,0,2,0,0,0,0,0,0,0,0,0,0,1,1,0,0,1,0,3,2,
408,1,1,5,4,2,5,2,0,1,1,1,0,0,0,2,0,0,0,0,0,0,0,0,0,0,1,1,0,0,1,0,1,2,
409,1,2,4,4,2,6,1,0,0,1,1,1,0,0,2,0,0,0,0,0,0,0,0,0,0,1,1,0,0,1,0,3,2,
410,1,1,5,4,2,5,2,0,1,1,1,0,0,0,2,0,0,0,0,0,0,0,0,0,0,1,1,0,0,1,0,1,2,
411,1,2,4,4,2,6,1,0,0,1,1,1,0,0,2,0,0,0,0,0,0,0,0,0,0,1,1,0,0,1,0,3,2,
412,1,1,5,4,2,5,2,0,1,1,1,0,0,0,2,0,0,0,0,0,0,0,0,0,0,1,1,0,0,1,0,1,2,
413,1,2,4,4,2,6,1,0,0,1,1,1,0,0,2,0,0,0,0,0,0,0,0,0,0,1,1,0,0,1,0,3,2,
414,1,1,5,4,2,5,2,0,1,1,1,0,0,0,2,0,0,0,0,0,0,0,0,0,0,1,1,0,0,1,0,1,2,
415,1,2,4,4,2,6,1,0,0,1,1,1,0,0,2,0,0,0,0,0,0,0,0,0,0,1,1,0,0,1,0,3,2,
416,1,1,5,4,2,5,2,0,1,1,1,0,0,0,2,0,0,0,0,0,0,0,0,0,0,1,1,0,0,1,0,1,2,
417,1,2,4,4,2,6,1,0,0,1,1,1,0,0,2,0,0,0,0,0,0,0,0,0,0,1,1,0,0,1,0,3,2,
418,1,1,5,4,2,5,2,0,1,1,1,0,0,0,2,0,0,0,0,0,0,0,0,0,0,1,1,0,0,1,0,1,2,
419,1,2,4,4,2,6,1,0,0,1,1,1,0,0,2,0,0,0,0,0,0,0,0,0,0,1,1,0,0,1,0,3,2,
420,1,1,5,4,2,5,2,0,1,1,1,0,0,0,2,0,0,0,0,0,0,0,0,0,0,1,1,0,0,1,0,1,2,
421,1,2,4,4,2,6,1,0,0,1,1,1,0,0,2,0,0,0,0,0,0,0,0,0,0,1,1,0,0,1,0,3,2,
422,1,1,5,4,2,5,2,0,1,1,1,0,0,0,2,0,0,0,0,0,0,0,0,0,0,1,1,0,0,1,0,1,2,
423,1,2,4,4,2,6,1,0,0,1,1,1,0,0,2,0,0,0,0,0,0,0,0,0,0,1,1,0,0,1,0,3,2,
424,1,1,5,4,2,5,2,0,1,1,1,0,0,0,2,0,0,0,0,0,0,0,0,0,0,1,1,0,0,1,0,1,2,
425,1,2,4,4,2,6,1,0,0,1,1,1,0,0,2,0,0,0,0,0,0,0,0,0,0,1,1,0,0,1,0,3,2,
426,1,1,5,4,2,5,2,0,1,1,1,0,0,0,2,0,0,0,0,0,0,0,0,0,0,1,1,0,0,1,0,1,2,
427,1,2,4,4,2,6,1,0,0,1,1,1,0,0,2,0,0,0,0,0,0,0,0,0,0,1,1,0,0,1,0,3,2,
428,1,1,5,4,2,5,2,0,1,1,1,0,0,0,2,0,0,0,0,0,0,0,0,0,0,1,1,0,0,1,0,1,2,
429,1,2,4,4,2,6,1,0,0,1,1,1,0,0,2,0,0,0,0,0,0,0,0,0,0,1,1,0,0,1,0,3,2,
430,1,1,5,4,2,5,2,0,1,1,1,0,0,0,2,0,0,0,0,0,0,0,0,0,0,1,1,0,0,1,0,1,2,
431,1,2,4,4,2,6,1,0,0,1,1,1,0,0,2,0,0,0,0,0,0,0,0,0,0,1,1,0,0,1,0,3,2,
432,1,1,5,4,2,5,2,0,1,1,1,0,0,0,2,0,0,0,0,0,0,0,0,0,0,1,1,0,0,1,0,1,2,
433,1,2,4,4,2,6,1,0,0,1,1,1,0,0,2,0,0,0,0,0,0,0,0,0,0,1,1,0,0,1,0,3,2,
434,1,1,5,4,2,5,2,0,1,1,1,0,0,0,2,0,0,0,0,0,0,0,0,0,0,1,1,0,0,1,0,1,2,
435,1,2,4,4,2,6,1,0,0,1,1,1,0,0,2,0,0,0,0,0,0,0,0,0,0,1,1,0,0,1,0,3,2,
436,1,1,5,4,2,5,2,0,1,1,1,0,0,0,2,0,0,0,0,0,0,0,0,0,0,1,1,0,0,1,0,1,2,
437,1,2,4,4,2,6,1,0,0,1,1,1,0,0,2,0,0,0,0,0,0,0,0,0,0,1,1,0,0,1,0,3,2,
438,1,1,5,4,2,5,2,0,1,1,1,0,0,0,2,0,0,0,0,0,0,0,0,0,0,1,1,0,0,1,0,1,2,
439,1,2,4,4,2,6,1,0,0,1,1,1,0,0,2,0,0,0,0,0,0,0,0,0,0,1,1,0,0,1,0,3,2,
440,1,1,5,4,2,5,2,0,1,1,1,0,0,0,2,0,0,0,0,0,0,0,0,0,0,1,1,0,0,1,0,1,2,
441,1,2,4,4,2,6,1,0,0,1,1,1,0,0,2,0,0,0,0,0,0,0,0,0,0,1,1,0,0,1,0,3,2,
442,1,1,5,4,2,5,2,0,1,1,1,0,0,0,2,0,0,0,0,0,0,0,0,0,0,1,1,0,0,1,0,1,2,
443,1,2,4,4,2,6,1,0,0,1,1,1,0,0,2,0,0,0,0,0,0,0,0,0,0,1,1,0,0,1,0,3,2,
444,1,1,5,4,2,5,2,0,1,1,1,0,0,0,2,0,0,0,0,0,0,0,0,0,0,1,1,0,0,1,0,1,2,
445,1,2,4,4,2,6,1,0,0,1,1,1,0,0,2,0,0,0,0,0,0,0,0,0,0,1,1,0,0,1,0,3,2,
446,1,1,5,4,2,5,2,0,1,1,1,0,0,0,2,0,0,0,0,0,0,0,0,0,0,1,1,0,0,1,0,1,2,
447,1,2,4,4,2,6,1,0,0,1,1,1,0,0,2,0,0,0,0,0,0,0,0,0,0,1,1,0,0,1,0,3,2,
448,1,1,5,4,2,5,2,0,1,1,1,0,0,0,2,0,0,0,0,0,0,0,0,0,0,1,1,0,0,1,0,1,2,
449,1,2,4,4,2,6,1,0,0,1,1,1,0,0,2,0,0,0,0,0,0,0,0,0,0,1,1,0,0,1,0,3,2,
450,1,1,5,4,2,5,2,0,1,1,1,0,0,0,2,0,0,0,0,0,0,0,0,0,0,1,1,0,0,1,0,1,2,
451,1,2,4,4,2,6,1,0,0,1,1,1,0,0,2,0,0,0,0,0,0,0,0,0,0,1,1,0,0,1,0,3,2,
452,1,1,5,4,2,5,2,0,1,1,1,0,0,0,2,0,0,0,0,0,0,0,0,0,0,1,1,0,0,1,0,1,2,
453,1,2,4,4,2,6,1,0,0,1,1,1,0,0,2,0,0,0,0,0,0,0,0,0,0,1,1,0,0,1,0,3,2,
454,1,1,5,4,2,5,2,0,1,1,1,0,0,0,2,0,0,0,0,0,0,0,0,0,0,1,1,0,0,1,0,1,2,
455,1,2,4,4,2,6,1,0,0,1,1,1,0,0,2,0,0,0,0,0,0,0,0,0,0,1,1,0,0,1,0,3,2,
456,1,1,5,4,2,5,2,0,1,1,1,0,0,0,2,0,0,0,0,0,0,0,0,0,0,1,1,0,0,1,0,1,2,
457,1,2,4,4,2,6,1,0,0,1,1,1,0,0,2,0,0,0,0,0,0,0,0,0,0,1,1,0,0,1,0,3,2,
458,1,1,5,4,2,5,2,0,1,1,1,0,0,0,2,0,0,0,0,0,0,0,0,0,0,1,1,0,0,1,0,1,2,
459,1,2,4,4,2,6,1,0,0,1,1,1,0,0,2,0,0,0,0,0,0,0,0,0,0,1,1,0,0,1,0,3,2,
460,1,1,5,4,2,5,2,0,1,1,1,0,0,0,2,0,0,0,0,0,0,0,0,0,0,1,1,0,0,1,0,1,2,
461,1,2,4,4,2,6,1,0,0,1,1,1,0,0,2,0,0,0,0,0,0,0,0,0,0,1,1,0,0,1,0,3,2,
462,1,1,5,4,2,5,2,0,1,1,1,0,0,0,2,0,0,0,0,0,0,0,0,0,0,1,1,0,0,1,0,1,2,
463,1,2,4,4,2,6,1,0,0,1,1,1,0,0,2,0,0,0,0,0,0,0,0,0,0,1,1,0,0,1,0,3,2,
464,1,1,5,4,2,5,2,0,1,1,1,0,0,0,2,0,0,0,0,0,0,0,0,0,0,1,1,0,0,1,0,1,2,
465,1,2,4,4,2,6,1,0,0,1,1,1,0,0,2,0,0,0,0,0,0,0,0,0,0,1,1,0,0,1,0,3,2,
466,1,1,5,4,2,5,2,0,1,1,1,0,0,0,2,0,0,0,0,0,0,0,0,0,0,1,1,0,0,1,0,1,2,
467,1,2,4,4,2,6,1,0,0,1,1,1,0,0,2,0,0,0,0,0,0,0,0,0,0,1,1,0,0,1,0,3,2,
468,1,1,5,4,2,5,2,0,1,1,1,0,0,0,2,0,0,0,0,0,0,0,0,0,0,1,1,0,0,1,0,1,2,
469,1,2,4,4,2,6,1,0,0,1,1,1,0,0,2,0,0,0,0,0,0,0,0,0,0,1,1,0,0,1,0,3,2,
470,1,1,5,4,2,5,2,0,1,1,1,0,0,0,2,0,0,0,0,0,0,0,0,0,0,1,1,0,0,1,0,1,2,
471,1,2,4,4,2,6,1,0,0,1,1,1,0,0,2,0,0,0,0,0,0,0,0,0,0,1,1,0,0,1,0,3,2,
472,1,1,5,4,2,5,2,0,1,1,1,0,0,0,2,0,0,0,0,0,0,0,0,0,0,1,1,0,0,1,0,1,2,
473,1,2,4,4,2,6,1,0,0,1,1,1,0,0,2,0,0,0,0,0,0,0,0,0,0,1,1,0,0,1,0,3,2,
474,1,1,5,4,2,5,2,0,1,1,1,0,0,0,2,0,0,0,0,0,0,0,0,0,0,1,1,0,0,1,0,1,2,
475,1,2,4,4,2,6,1,0,0,1,1,1,0,0,2,0,0,0,0,0,0,0,0,0,0,1,1,0,0,1,0,3,2,
476,1,1,5,4,2,5,2,0,1,1,1,0,0,0,2,0,0,0,0,0,0,0,0,0,0,1,1,0,0,1,0,1,2,
477,1,2,4,4,2,6,1,0,0,1,1,1,0,0,2,0,0,0,0,0,0,0,0,0,0,1,1,0,0,1,0,3,2,
478,1,1,5,4,2,5,2,0,1,1,1,0,0,0,2,0,0,0,0,0,0,0,0,0,0,1,1,0,0,1,0,1,2,
479,1,2,4,4,2,6,1,0,0,1,1,1,0,0,2,0,0,0,0,0,0,0,0,0,0,1,1,0,0,1,0,3,2,
480,1,1,5,4,2,5,2,0,1,1,1,0,0,0,2,0,0,0,0,0,0,0,0,0,0,1,1,0,0,1,0,1,2,
481,1,2,4,4,2,6,1,0,0,1,1,1,0,0,2,0,0,0,0,0,0,0,0,0,0,1,1,0,0,1,0,3,2,
482,1,1,5,4,2,5,2,0,1,1,1,0,0,0,2,0,0,0,0,0,0,0,0,0,0,1,1,0,0,1,0,1,2,
483,1,2,4,4,2,6,1,0,0,1,1,1,0,0,2,0,0,0,0,0,0,0,0,0,0,1,1,0,0,1,0,3,2,
484,1,1,5,4,2,5,2,0,1,1,1,0,0,0,2,0,0,0,0,0,0,0,0,0,0,1,1,0,0,1,0,1,2,
485,1,2,4,4,2,6,1,0,0,1,1,1,0,0,2,0,0,0,0,0,0,0,0,0,0,1,1,0,0,1,0,3,2,
486,1,1,5,4,2,5,2,0,1,1,1,0,0,0,2,0,0,0,0,0,0,0,0,0,0,1,1,0,0,1,0,1,2,
487,1,2,4,4,2,6,1,0,0,1,1,1,0,0,2,0,0,0,0,0,0,0,0,0,0,1,1,0,0,1,0,3,2,
488,1,1,5,4,2,5,2,0,1,1,1,0,0,0,2,0,0,0,0,0,0,0,0,0,0,1,1,0,0,1,0,1,2,
489,1,2,4,4,2,6,1,0,0,1,1,1,0,0,2,0,0,0,0,0,0,0,0,0,0,1,1,0,0,1,0,3,2,
490,1,1,5,4,2,5,2,0,1,1,1,0,0,0,2,0,0,0,0,0,0,0,0,0,0,1,1,0,0,1,0,1,2,
491,1,2,4,4,2,6,1,0,0,1,1,1,0,0,2,0,0,0,0,0,0,0,0,0,0,1,1,0,0,1,0,3,2,
492,1,1,5,4,2,5,2,0,1,1,1,0,0,0,2,0,0,0,0,0,0,0,0,0,0,1,1,0,0,1,0,1,2,
493,1,2,4,4,2,6,1,0,0,1,1,1,0,0,2,0,0,0,0,0,0,0,0,0,0,1,1,0,0,1,0,3,2,
494,1,1,5,4,2,5,2,0,1,1,1,0,0,0,2,0,0,0,0,0,0,0,0,0,0,1,1,0,0,1,0,1,2,
495,1,2,4,4,2,6,1,0,0,1,1,1,0,0,2,0,0,0,0,0,0,0,0,0,0,1,1,0,0,1,0,3,2,
496,1,1,5,4,2,5,2,0,1,1,1,0,0,0,2,0,0,0,0,0,0,0,0,0,0,1,1,0,0,1,0,1,2,
497,1,2,4,4,2,6,1,0,0,1,1,1,0,0,2,0,0,0,0,0,0,0,0,0,0,1,1,0,0,1,0,3,2,
498,1,1,5,4,2,5,2,0,1,1,1,0,0,0,2,0,0,0,0,0,0,0,0,0,0,1,1,0,0,1,0,1,2,
499,1,2,4,4,2,6,1,0,0,1,1,1,0,0,2,0,0,0,0,0,0,0,0,0,0,1,1,0,0,1,0,3,2,
500,1,1,5,4,2,5,2,0,1,1,1,0,0,0,2,0,0,0,0,0,0,0,0,0,0,1,1,0,0,1,0,1,2,
501,1,2,4,4,2,6,1,0,0,1,1,1,0,0,2,0,0,0,0,0,0,0,0,0,0,1,1,0,0,1,0,3,2,
502,1,1,5,4,2,5,2,0,1,1,1,0,0,0,2,0,0,0,0,0,0,0,0,0,0,1,1,0,0,1,0,1,2,
503,1,2,4,4,2,6,1,0,0,1,1,1,0,0,2,0,0,0,0,0,0,0,0,0,0,1,1,0,0,1,0,3,2,
504,1,1,5,4,2,5,2,0,1,1,1,0,0,0,2,0,0,0,0,0,0,0,0,0,0,1,1,0,0,1,0,1,2,
505,1,2,4,4,2,6,1,0,0,1,1,1,0,0,2,0,0,0,0,0,0,0,0,0,0,1,1,0,0,1,0,3,2,
506,1,1,5,4,2,5,2,0,1,1,1,0,0,0,2,0,0,0,0,0,0,0,0,0,0,1,1,0,0,1,0,1,2,
507,1,2,4,4,2,6,1,0,0,1,1,1,0,0,2,0,0,0,0,0,0,0,0,0,0,1,1,0,0,1,0,3,2,
508,1,1,5,4,2,5,2,0,1,1,1,0,0,0,2,0,0,0,0,0,0,0,0,0,0,1,1,0,0,1,0,1,2,
509,1,2,4,4,2,6,1,0,0,1,1,1,0,0,2,0,0,0,0,0,0,0,0,0,0,1,1,0,0,1,0,3,2,
510,1,1,5,4,2,5,2,0,1,1,1,0,0,0,2,0,0,0,0,0,0,0,0,0,0,1,1,0,0,1,0,1,2,
511,1,2,4,4,2,6,1,0,0,1,1,1,0,0,2,0,0,0,0,0,0,0,0,0,0,1,1,0,0,1,0,3,2,
512,1,1,5,4,2,5,2,0,1,1,1,0,0,0,2,0,0,0,0,0,0,0,0,0,0,1,1,0,0,1,0,1,2,
513,1,2,4,4,2,6,1,0,0,1,1,1,0,0,2,0,0,0,0,0,0,0,0,0,0,1,1,0,0,1,0,3,2,
514,1,1,5,4,2,5,2,0,1,1,1,0,0,0,2,0,0,0,0,0,0,0,0,0,0,1,1,0,0,1,0,1,2,
515,1,2,4,4,2,6,1,0,0,1,1,1,0,0,2,0,0,0,0,0,0,0,0,0,0,1,1,0,0,1,0,3,2,
516,1,1,5,4,2,5,2,0,1,1,1,0,0,0,2,0,0,0,0,0,0,0,0,0,0,1,1,0,0,1,0,1,2,
517,1,2,4,4,2,6,1,0,0,1,1,1,0,0,2,0,0,0,0,0,0,0,0,0,0,1,1,0,0,1,0,3,2,
518,1,1,5,4,2,5,2,0,1,1,1,0,0,0,2,0,0,0,0,0,0,0,0,0,0,1,1,0,0,1,0,1,2,
519,1,2,4,4,2,6,1,0,0,1,1,1,0,0,2,0,0,0,0,0,0,0,0,0,0,1,1,0,0,1,0,3,2,
520,1,1,5,4,2,5,2,0,1,1,1,0,0,0,2,0,0,0,0,0,0,0,0,0,0,1,1,0,0,1,0,1,2,
521,1,2,4,4,2,6,1,0,0,1,1,1,0,0,2,0,0,0,0,0,0,0,0,0,0,1,1,0,0,1,0,3,2,
522,1,1,5,4,2,5,2,0,1,1,1,0,0,0,2,0,0,0,0,0,0,0,0,0,0,1,1,0,0,1,0,1,2,
523,1,2,4,4,2,6,1,0,0,1,1,1,0,0,2,0,0,0,0,0,0,0,0,0,0,1,1,0,0,1,0,3,2,
524,1,1,5,4,2,5,2,0,1,1,1,0,0,0,2,0,0,0,0,0,0,0,0,0,0,1,1,0,0,1,0,1,2,
525,1,2,4,4,2,6,1,0,0,1,1,1,0,0,2,0,0,0,0,0,0,0,0,0,0,1,1,0,0,1,0,3,2,
526,1,1,5,4,2,5,2,0,1,1,1,0,0,0,2,0,0,0,0,0,0,0,0,0,0,1,1,0,0,1,0,1,2,
527,1,2,4,4,2,6,1,0,0,1,1,1,0,0,2,0,0,0,0,0,0,0,0,0,0,1,1,0,0,1,0,3,2,
528,1,1,5,4,2,5,2,0,1,1,1,0,0,0,2,0,0,0,0,0,0,0,0,0,0,1,1,0,0,1,0,1,2,
529,1,2,4,4,2,6,1,0,0,1,1,1,0,0,2,0,0,0,0,0,0,0,0,0,0,1,1,0,0,1,0,3,2,
530,1,1,5,4,2,5,2,0,1,1,1,0,0,0,2,0,0,0,0,0,0,0,0,0,0,1,1,0,0,1,0,1,2,
531,1,2,4,4,2,6,1,0,0,1,1,1,0,0,2,0,0,0,0,0,0,0,0,0,0,1,1,0,0,1,0,3,2,
532,1,1,5,4,2,5,2,0,1,1,1,0,0,0,2,0,0,0,0,0,0,0,0,0,0,1,1,0,0,1,0,1,2,
533,1,2,4,4,2,6,1,0,0,1,1,1,0,0,2,0,0,0,0,0,0,0,0,0,0,1,1,0,0,1,0,3,2,
534,1,1,5,4,2,5,2,0,1,1,1,0,0,0,2,0,0,0,0,0,0,0,0,0,0,1,1,0,0,1,0,1,2,
535,1,2,4,4,2,6,1,0,0,1,1,1,0,0,2,0,0,0,0,0,0,0,0,0,0,1,1,0,0,1,0,3,2,
536,1,1,5,4,2,5,2,0,1,1,1,0,0,0,2,0,0,0,0,0,0,0,0,0,0,1,1,0,0,1,0,1,2,
537,1,2,4,4,2,6,1,0,0,1,1,1,0,0,2,0,0,0,0,0,0,0,0,0,0,1,1,0,0,1,0,3,2,
538,1,1,5,4,2,5,2,0,1,1,1,0,0,0,2,0,0,0,0,0,0,0,0,0,0,1,1,0,0,1,0,1,2,
539,1,2,4,4,2,6,1,0,0,1,1,1,0,0,2,0,0,0,0,0,0,0,0,0,0,1,1,0,0,1,0,3,2,
540,1,1,5,4,2,5,2,0,1,1,1,0,0,0,2,0,0,0,0,0,0,0,0,0,0,1,1,0,0,1,0,1,2,
541,1,2,4,4,2,6,1,0,0,1,1,1,0,0,2,0,0,0,0,0,0,0,0,0,0,1,1,0,0,1,0,3,2,
542,1,1,5,4,2,5,2,0,1,1,1,0,0,0,2,0,0,0,0,0,0,0,0,0,0,1,1,0,0,1,0,1,2,
543,1,2,4,4,2,6,1,0,0,1,1,1,0,0,2,0,0,0,0,0,0,0,0,0,0,1,1,0,0,1,0,3,2,
544,1,1,5,4,2,5,2,0,1,1,1,0,0,0,2,0,0,0,0,0,0,0,0,0,0,1,1,0,0,1,0,1,2,
545,1,2,4,4,2,6,1,0,0,1,1,1,0,0,2,0,0,0,0,0,0,0,0,0,0,1,1,0,0,1,0,3,2,
546,1,1,5,4,2,5,2,0,1,1,1,0,0,0,2,0,0,0,0,0,0,0,0,0,0,1,1,0,0,1,0,1,2,
547,1,2,4,4,2,6,1,0,0,1,1,1,0,0,2,0,0,0,0,0,0,0,0,0,0,1,1,0,0,1,0,3,2,
548,1,1,5,4,2,5,2,0,1,1,1,0,0,0,2,0,0,0,0,0,0,0,0,0,0,1,1,0,0,1,0,1,2,
549,1,2,4,4,2,6,1,0,0,1,1,1,0,0,2,0,0,0,0,0,0,0,0,0,0,1,1,0,0,1,0,3,2,
550,1,1,5,4,2,5,2,0,1,1,1,0,0,0,2,0,0,0,0,0,0,0,0,0,0,1,1,0,0,1,0,1,2,
551,1,2,4,4,2,6,1,0,0,1,1,1,0,0,2,0,0,0,0,0,0,0,0,0,0,1,1,0,0,1,0,3,2,
552,1,1,5,4,2,5,2,0,1,1,1,0,0,0,2,0,0,0,0,0,0,0,0,0,0,1,1,0,0,1,0,1,2,
553,1,2,4,4,2,6,1,0,0,1,1,1,0,0,2,0,0,0,0,0,0,0,0,0,0,1,1,0,0,1,0,3,2,
554,1,1,5,4,2,5,2,0,1,1,1,0,0,0,2,0,0,0,0,0,0,0,0,0,0,1,1,0,0,1,0,1,2,
555,1,2,4,4,2,6,1,0,0,1,1,1,0,0,2,0,0,0,0,0,0,0,0,0,0,1,1,0,0,1,0,3,2,
556,1,1,5,4,2,5,2,0,1,1,1,0,0,0,2,0,0,0,0,0,0,0,0,0,0,1,1,0,0,1,0,1,2,
557,1,2,4,4,2,6,1,0,0,1,1,1,0,0,2,0,0,0,0,0,0,0,0,0,0,1,1,0,0,1,0,3,2,
558,1,1,5,4,2,5,2,0,1,1,1,0,0,0,2,0,0,0,0,0,0,0,0,0,0,1,1,0,0,1,0,1,2,
559,1,2,4,4,2,6,1,0,0,1,1,1,0,0,2,0,0,0,0,0,0,0,0,0,0,1,1,0,0,1,0,3,2,
560,1,1,5,4,2,5,2,0,1,1,1,0,0,0,2,0,0,0,0,0,0,0,0,0,0,1,1,0,0,1,0,1,2,
561,1,2,4,4,2,6,1,0,0,1,1,1,0,0,2,0,0,0,0,0,0,0,0,0,0,1,1,0,0,1,0,3,2,
562,1,1,5,4,2,5,2,0,1,1,1,0,0,0,2,0,0,0,0,0,0,0,0,0,0,1,1,0,0,1,0,1,2,
563,1,2,4,4,2,6,1,0,0,1,1,1,0,0,2,0,0,0,0,0,0,0,0,0,0,1,1,0,0,1,0,3,2,
564,1,1,5,4,2,5,2,0,1,1,1,0,0,0,2,0,0,0,0,0,0,0,0,0,0,1,1,0,0,1,0,1,2,
565,1,2,4,4,2,6,1,0,0,1,1,1,0,0,2,0,0,0,0,0,0,0,0,0,0,1,1,0,0,1,0,3,2,
566,1,1,5,4,2,5,2,0,1,1,1,0,0,0,2,0,0,0,0,0,0,0,0,0,0,1,1,0,0,1,0,1,2,
567,1,2,4,4,2,6,1,0,0,1,1,1,0,0,2,0,0,0,0,0,0,0,0,0,0,1,1,0,0,1,0,3,2,
568,1,1,5,4,2,5,2,0,1,1,1,0,0,0,2,0,0,0,0,0,0,0,0,0,0,1,1,0,0,1,0,1,2,
569,1,2,4,4,2,6,1,0,0,1,1,1,0,0,2,0,0,0,0,0,0,0,0,0,0,1,1,0,0,1,0,3,2,
570,1,1,5,4,2,5,2,0,1,1,1,0,0,0,2,0,0,0,0,0,0,0,0,0,0,1,1,0,0,1,0,1,2,
571,1,2,4,4,2,6,1,0,0,1,1,1,0,0,2,0,0,0,0,0,0,0,0,0,0,1,1,0,0,1,0,3,2,
572,1,1,5,4,2,5,2,0,1,1,1,0,0,0,2,0,0,0,0,0,0,0,0,0,0,1,1,0,0,1,0,1,2,
573,1,2,4,4,2,6,1,0,0,1,1,1,0,0,2,0,0,0,0,0,0,0,0,0,0,1,1,0,0,1,0,3,2,
574,1,1,5,4,2,5,2,0,1,1,1,0,0,0,2,0,0,0,0,0,0,0,0,0,0,1,1,0,0,1,0,1,2,
575,1,2,4,4,2,6,1,0,0,1,1,1,0,0,2,0,0,0,0,0,0,0,0,0,0,1,1,0,0,1,0,3,2,
576,1,1,5,4,2,5,2,0,1,1,1,0,0,0,2,0,0,0,0,0,0,0,0,0,0,1,1,0,0,1,0,1,2,
577,1,2,4,4,2,6,1,0,0,1,1,1,0,0,2,0,0,0,0,0,0,0,0,0,0,1,1,0,0,1,0,3,2,
578,1,1,5,4,2,5,2,0,1,1,1,0,0,0,2,0,0,0,0,0,0,0,0,0,0,1,1,0,0,1,0,1,2,
579,1,2,4,4,2,6,1,0,0,1,1,1,0,0,2,0,0,0,0,0,0,0,0,0,0,1,1,0,0,1,0,3,2,
580,1,1,5,4,2,5,2,0,1,1,1,0,0,0,2,0,0,0,0,0,0,0,0,0,0,1,1,0,0,1,0,1,2,
581,1,2,4,4,2,6,1,0,0,1,1,1,0,0,2,0,0,0,0,0,0,0,0,0,0,1,1,0,0,1,0,3,2,
582,1,1,5,4,2,5,2,0,1,1,1,0,0,0,2,0,0,0,0,0,0,0,0,0,0,1,1,0,0,1,0,1,2,
583,1,2,4,4,2,6,1,0,0,1,1,1,0,0,2,0,0,0,0,0,0,0,0,0,0,1,1,0,0,1,0,3,2,
584,1,1,5,4,2,5,2,0,1,1,1,0,0,0,2,0,0,0,0,0,0,0,0,0,0,1,1,0,0,1,0,1,2,
585,1,2,4,4,2,6,1,0,0,1,1,1,0,0,2,0,0,0,0,0,0,0,0,0,0,1,1,0,0,1,0,3,2,
586,1,1,5,4,2,5,2,0,1,1,1,0,0,0,2,0,0,0,0,0,0,0,0,0,0,1,1,0,0,1,0,1,2,
587,1,2,4,4,2,6,1,0,0,1,1,1,0,0,2,0,0,0,0,0,0,0,0,0,0,1,1,0,0,1,0,3,2,
588,1,1,5,4,2,5,2,0,1,1,1,0,0,0,2,0,0,0,0,0,0,0,0,0,0,1,1,0,0,1,0,1,2,
589,1,2,4,4,2,6,1,0,0,1,1,1,0,0,2,0,0,0,0,0,0,0,0,0,0,1,1,0,0,1,0,3,2,
590,1,1,5,4,2,5,2,0,1,1,1,0,0,0,2,0,0,0,0,0,0,0,0,0,0,1,1,0,0,1,0,1,2,
591,1,2,4,4,2,6,1,0,0,1,1,1,0,0,2,0,0,0,0,0,0,0,0,0,0,1,1,0,0,1,0,3,2,
592,1,1,5,4,2,5,2,0,1,1,1,0,0,0,2,0,0,0,0,0,0,0,0,0,0,1,1,0,0,1,0,1,2,
593,1,2,4,4,2,6,1,0,0,1,1,1,0,0,2,0,0,0,0,0,0,0,0,0,0,1,1,0,0,1,0,3,2,
594,1,1,5,4,2,5,2,0,1,1,1,0,0,0,2,0,0,0,0,0,0,0,0,0,0,1,1,0,0,1,0,1,2,
595,1,2,4,4,2,6,1,0,0,1,1,1,0,0,2,0,0,0,0,0,0,0,0,0,0,1,1,0,0,1,0,3,2,
596,1,1,5,4,2,5,2,0,1,1,1,0,0,0,2,0,0,0,0,0,0,0,0,0,0,1,1,0,0,1,0,1,2,
597,1,2,4,4,2,6,1,0,0,1,1,1,0,0,2,0,0,0,0,0,0,0,0,0,0,1,1,0,0,1,0,3,2,
598,1,1,5,4,2,5,2,0,1,1,1,0,0,0,2,0,0,0,0,0,0,0,0,0,0,1,1,0,0,1,0,1,2,
599,1,2,4,4,2,6,1,0,0,1,1,1,0,0,2,0,0,0,0,0,0,0,0,0,0,1,1,0,0,1,0,3,2,
600,1,1,5,4,2,5,2,0,1,1,1,0,0,0,2,0,0,0,0,0,0,0,0,0,0,1,1,0,0,1,0,1,2,
601,1,2,4,4,2,6,1,0,0,1,1,1,0,0,2,0,0,0,0,0,0,0,0,0,0,1,1,0,0,1,0,3,2,
602,1,1,3,1,3,3,3,1,1,1,0,0,0,0,1,2,0,0,0,0,0,1,0,1,0,0,0,0,0,0,0,2,3,
603,1,2,3,1,4,2,3,0,1,1,0,1,0,0,1,3,0,0,0,0,0,1,0,1,0,0,0,0,0,0,0,2,3,
604,1,1,3,1,3,3,3,1,1,1,0,0,0,0,1,2,0,0,0,0,0,1,0,1,0,0,0,0,0,0,0,2,3,
605,1,2,3,1,4,2,3,0,1,1,0,1,0,0,1,3,0,0,0,0,0,1,0,1,0,0,0,0,0,0,0,2,3,
606,1,1,3,1,3,3,3,1,1,1,0,0,0,0,1,2,0,0,0,0,0,1,0,1,0,0,0,0,0,0,0,2,3,
607,1,2,3,1,4,2,3,0,1,1,0,1,0,0,1,3,0,0,0,0,0,1,0,1,0,0,0,0,0,0,0,2,3,
608,1,1,3,1,3,3,3,1,1,1,0,0,0,0,1,2,0,0,0,0,0,1,0,1,0,0,0,0,0,0,0,2,3,
609,1,2,3,1,4,2,3,0,1,1,0,1,0,0,1,3,0,0,0,0,0,1,0,1,0,0,0,0,0,0,0,2,3,
610,1,1,3,1,3,3,3,1,1,1,0,0,0,0,1,2,0,0,0,0,0,1,0,1,0,0,0,0,0,0,0,2,3,
611,1,2,3,1,4,2,3,0,1,1,0,1,0,0,1,3,0,0,0,0,0,1,0,1,0,0,0,0,0,0,0,2,3,
612,1,1,3,1,3,3,3,1,1,1,0,0,0,0,1,2,0,0,0,0,0,1,0,1,0,0,0,0,0,0,0,2,3,
613,1,2,3,1,4,2,3,0,1,1,0,1,0,0,1,3,0,0,0,0,0,1,0,1,0,0,0,0,0,0,0,2,3,
614,1,1,3,1,3,3,3,1,1,1,0,0,0,0,1,2,0,0,0,0,0,1,0,1,0,0,0,0,0,0,0,2,3,
615,1,2,3,1,4,2,3,0,1,1,0,1,0,0,1,3,0,0,0,0,0,1,0,1,0,0,0,0,0,0,0,2,3,
616,1,1,3,1,3,3,3,1,1,1,0,0,0,0,1,2,0,0,0,0,0,1,0,1,0,0,0,0,0,0,0,2,3,
617,1,2,3,1,4,2,3,0,1,1,0,1,0,0,1,3,0,0,0,0,0,1,0,1,0,0,0,0,0,0,0,2,3,
618,1,1,3,1,3,3,3,1,1,1,0,0,0,0,1,2,0,0,0,0,0,1,0,1,0,0,0,0,0,0,0,2,3,
619,1,2,3,1,4,2,3,0,1,1,0,1,0,0,1,3,0,0,0,0,0,1,0,1,0,0,0,0,0,0,0,2,3,
620,1,1,3,1,3,3,3,1,1,1,0,0,0,0,1,2,0,0,0,0,0,1,0,1,0,0,0,0,0,0,0,2,3,
621,1,2,3,1,4,2,3,0,1,1,0,1,0,0,1,3,0,0,0,0,0,1,0,1,0,0,0,0,0,0,0,2,3,
622,1,1,3,1,3,3,3,1,1,1,0,0,0,0,1,2,0,0,0,0,0,1,0,1,0,0,0,0,0,0,0,2,3,
623,1,2,3,1,4,2,3,0,1,1,0,1,0,0,1,3,0,0,0,0,0,1,0,1,0,0,0,0,0,0,0,2,3,
624,1,1,3,1,3,3,3,1,1,1,0,0,0,0,1,2,0,0,0,0,0,1,0,1,0,0,0,0,0,0,0,2,3,
625,1,2,3,1,4,2,3,0,1,1,0,1,0,0,1,3,0,0,0,0,0,1,0,1,0,0,0,0,0,0,0,2,3,
626,1,1,3,1,3,3,3,1,1,1,0,0,0,0,1,2,0,0,0,0,0,1,0,1,0,0,0,0,0,0,0,2,3,
627,1,2,3,1,4,2,3,0,1,1,0,1,0,0,1,3,0,0,0,0,0,1,0,1,0,0,0,0,0,0,0,2,3,
628,1,1,3,1,3,3,3,1,1,1,0,0,0,0,1,2,0,0,0,0,0,1,0,1,0,0,0,0,0,0,0,2,3,
629,1,2,3,1,4,2,3,0,1,1,0,1,0,0,1,3,0,0,0,0,0,1,0,1,0,0,0,0,0,0,0,2,3,
630,1,1,3,1,3,3,3,1,1,1,0,0,0,0,1,2,0,0,0,0,0,1,0,1,0,0,0,0,0,0,0,2,3,
631,1,2,3,1,4,2,3,0,1,1,0,1,0,0,1,3,0,0,0,0,0,1,0,1,0,0,0,0,0,0,0,2,3,
632,1,1,3,1,3,3,3,1,1,1,0,0,0,0,1,2,0,0,0,0,0,1,0,1,0,0,0,0,0,0,0,2,3,
633,1,2,3,1,4,2,3,0,1,1,0,1,0,0,1,3,0,0,0,0,0,1,0,1,0,0,0,0,0,0,0,2,3,
634,1,1,3,1,3,3,3,1,1,1,0,0,0,0,1,2,0,0,0,0,0,1,0,1,0,0,0,0,0,0,0,2,3,
635,1,2,3,1,4,2,3,0,1,1,0,1,0,0,1,3,0,0,0,0,0,1,0,1,0,0,0,0,0,0,0,2,3,
636,1,1,3,1,3,3,3,1,1,1,0,0,0,0,1,2,0,0,0,0,0,1,0,1,0,0,0,0,0,0,0,2,3,
637,1,2,3,1,4,2,3,0,1,1,0,1,0,0,1,3,0,0,0,0,0,1,0,1,0,0,0,0,0,0,0,2,3,
638,1,1,3,1,3,3,3,1,1,1,0,0,0,0,1,2,0,0,0,0,0,1,0,1,0,0,0,0,0,0,0,2,3,
639,1,2,3,1,4,2,3,0,1,1,0,1,0,0,1,3,0,0,0,0,0,1,0,1,0,0,0,0,0,0,0,2,3,
640,1,1,3,1,3,3,3,1,1,1,0,0,0,0,1,2,0,0,0,0,0,1,0,1,0,0,0,0,0,0,0,2,3,
641,1,2,3,1,4,2,3,0,1,1,0,1,0,0,1,3,0,0,0,0,0,1,0,1,0,0,0,0,0,0,0,2,3,
642,1,1,3,1,3,3,3,1,1,1,0,0,0,0,1,2,0,0,0,0,0,1,0,1,0,0,0,0,0,0,0,2,3,
643,1,2,3,1,4,2,3,0,1,1,0,1,0,0,1,3,0,0,0,0,0,1,0,1,0,0,0,0,0,0,0,2,3,
644,1,1,3,1,3,3,3,1,1,1,0,0,0,0,1,2,0,0,0,0,0,1,0,1,0,0,0,0,0,0,0,2,3,
645,1,2,3,1,4,2,3,0,1,1,0,1,0,0,1,3,0,0,0,0,0,1,0,1,0,0,0,0,0,0,0,2,3,
646,1,1,3,1,3,3,3,1,1,1,0,0,0,0,1,2,0,0,0,0,0,1,0,1,0,0,0,0,0,0,0,2,3,
647,1,2,3,1,4,2,3,0,1,1,0,1,0,0,1,3,0,0,0,0,0,1,0,1,0,0,0,0,0,0,0,2,3,
648,1,1,3,1,3,3,3,1,1,1,0,0,0,0,1,2,0,0,0,0,0,1,0,1,0,0,0,0,0,0,0,2,3,
649,1,2,3,1,4,2,3,0,1,1,0,1,0,0,1,3,0,0,0,0,0,1,0,1,0,0,0,0,0,0,0,2,3,
650,1,1,3,1,3,3,3,1,1,1,0,0,0,0,1,2,0,0,0,0,0,1,0,1,0,0,0,0,0,0,0,2,3,
651,1,2,3,1,4,2,3,0,1,1,0,1,0,0,1,3,0,0,0,0,0,1,0,1,0,0,0,0,0,0,0,2,3,
652,1,1,3,1,3,3,3,1,1,1,0,0,0,0,1,2,0,0,0,0,0,1,0,1,0,0,0,0,0,0,0,2,3,
653,1,2,3,1,4,2,3,0,1,1,0,1,0,0,1,3,0,0,0,0,0,1,0,1,0,0,0,0,0,0,0,2,3,
654,1,1,3,1,3,3,3,1,1,1,0,0,0,0,1,2,0,0,0,0,0,1,0,1,0,0,0,0,0,0,0,2,3,
655,1,2,3,1,4,2,3,0,1,1,0,1,0,0,1,3,0,0,0,0,0,1,0,1,0,0,0,0,0,0,0,2,3,
656,1,1,3,1,3,3,3,1,1,1,0,0,0,0,1,2,0,0,0,0,0,1,0,1,0,0,0,0,0,0,0,2,3,
657,1,2,3,1,4,2,3,0,1,1,0,1,0,0,1,3,0,0,0,0,0,1,0,1,0,0,0,0,0,0,0,2,3,
658,1,1,3,1,3,3,3,1,1,1,0,0,0,0,1,2,0,0,0,0,0,1,0,1,0,0,0,0,0,0,0,2,3,
659,1,2,3,1,4,2,3,0,1,1,0,1,0,0,1,3,0,0,0,0,0,1,0,1,0,0,0,0,0,0,0,2,3,
660,1,1,3,1,3,3,3,1,1,1,0,0,0,0,1,2,0,0,0,0,0,1,0,1,0,0,0,0,0,0,0,2,3,
661,1,2,3,1,4,2,3,0,1,1,0,1,0,0,1,3,0,0,0,0,0,1,0,1,0,0,0,0,0,0,0,2,3,
662,1,1,3,1,3,3,3,1,1,1,0,0,0,0,1,2,0,0,0,0,0,1,0,1,0,0,0,0,0,0,0,2,3,
663,1,2,3,1,4,2,3,0,1,1,0,1,0,0,1,3,0,0,0,0,0,1,0,1,0,0,0,0,0,0,0,2,3,
664,1,1,3,1,3,3,3,1,1,1,0,0,0,0,1,2,0,0,0,0,0,1,0,1,0,0,0,0,0,0,0,2,3,
665,1,2,3,1,4,2,3,0,1,1,0,1,0,0,1,3,0,0,0,0,0,1,0,1,0,0,0,0,0,0,0,2,3,
666,1,1,3,1,3,3,3,1,1,1,0,0,0,0,1,2,0,0,0,0,0,1,0,1,0,0,0,0,0,0,0,2,3,
667,1,2,3,1,4,2,3,0,1,1,0,1,0,0,1,3,0,0,0,0,0,1,0,1,0,0,0,0,0,0,0,2,3,
668,1,1,3,1,3,3,3,1,1,1,0,0,0,0,1,2,0,0,0,0,0,1,0,1,0,0,0,0,0,0,0,2,3,
669,1,2,3,1,4,2,3,0,1,1,0,1,0,0,1,3,0,0,0,0,0,1,0,1,0,0,0,0,0,0,0,2,3,
670,1,1,3,1,3,3,3,1,1,1,0,0,0,0,1,2,0,0,0,0,0,1,0,1,0,0,0,0,0,0,0,2,3,
671,1,2,3,1,4,2,3,0,1,1,0,1,0,0,1,3,0,0,0,0,0,1,0,1,0,0,0,0,0,0,0,2,3,
672,1,1,3,1,3,3,3,1,1,1,0,0,0,0,1,2,0,0,0,0,0,1,0,1,0,0,0,0,0,0,0,2,3,
673,1,2,3,1,4,2,3,0,1,1,0,1,0,0,1,3,0,0,0,0,0,1,0,1,0,0,0,0,0,0,0,2,3,
674,1,1,3,1,3,3,3,1,1,1,0,0,0,0,1,2,0,0,0,0,0,1,0,1,0,0,0,0,0,0,0,2,3,
675,1,2,3,1,4,2,3,0,1,1,0,1,0,0,1,3,0,0,0,0,0,1,0,1,0,0,0,0,0,0,0,2,3,
676,1,1,3,1,3,3,3,1,1,1,0,0,0,0,1,2,0,0,0,0,0,1,0,1,0,0,0,0,0,0,0,2,3,
677,1,2,3,1,4,2,3,0,1,1,0,1,0,0,1,3,0,0,0,0,0,1,0,1,0,0,0,0,0,0,0,2,3,
678,1,1,3,1,3,3,3,1,1,1,0,0,0,0,1,2,0,0,0,0,0,1,0,1,0,0,0,0,0,0,0,2,3,
679,1,2,3,1,4,2,3,0,1,1,0,1,0,0,1,3,0,0,0,0,0,1,0,1,0,0,0,0,0,0,0,2,3,
680,1,1,3,1,3,3,3,1,1,1,0,0,0,0,1,2,0,0,0,0,0,1,0,1,0,0,0,0,0,0,0,2,3,
681,1,2,3,1,4,2,3,0,1,1,0,1,0,0,1,3,0,0,0,0,0,1,0,1,0,0,0,0,0,0,0,2,3,
682,1,1,3,1,3,3,3,1,1,1,0,0,0,0,1,2,0,0,0,0,0,1,0,1,0,0,0,0,0,0,0,2,3,
683,1,2,3,1,4,2,3,0,1,1,0,1,0,0,1,3,0,0,0,0,0,1,0,1,0,0,0,0,0,0,0,2,3,
684,1,1,3,1,3,3,3,1,1,1,0,0,0,0,1,2,0,0,0,0,0,1,0,1,0,0,0,0,0,0,0,2,3,
685,1,2,3,1,4,2,3,0,1,1,0,1,0,0,1,3,0,0,0,0,0,1,0,1,0,0,0,0,0,0,0,2,3,
686,1,1,3,1,3,3,3,1,1,1,0,0,0,0,1,2,0,0,0,0,0,1,0,1,0,0,0,0,0,0,0,2,3,
687,1,2,3,1,4,2,3,0,1,1,0,1,0,0,1,3,0,0,0,0,0,1,0,1,0,0,0,0,0,0,0,2,3,
688,1,1,3,1,3,3,3,1,1,1,0,0,0,0,1,2,0,0,0,0,0,1,0,1,0,0,0,0,0,0,0,2,3,
689,1,2,3,1,4,2,3,0,1,1,0,1,0,0,1,3,0,0,0,0,0,1,0,1,0,0,0,0,0,0,0,2,3,
690,1,1,3,1,3,3,3,1,1,1,0,0,0,0,1,2,0,0,0,0,0,1,0,1,0,0,0,0,0,0,0,2,3,
691,1,2,3,1,4,2,3,0,1,1,0,1,0,0,1,3,0,0,0,0,0,1,0,1,0,0,0,0,0,0,0,2,3,
692,1,1,3,1,3,3,3,1,1,1,0,0,0,0,1,2,0,0,0,0,0,1,0,1,0,0,0,0,0,0,0,2,3,
693,1,2,3,1,4,2,3,0,1,1,0,1,0,0,1,3,0,0,0,0,0,1,0,1,0,0,0,0,0,0,0,2,3,
694,1,1,3,1,3,3,3,1,1,1,0,0,0,0,1,2,0,0,0,0,0,1,0,1,0,0,0,0,0,0,0,2,3,
695,1,2,3,1,4,2,3,0,1,1,0,1,0,0,1,3,0,0,0,0,0,1,0,1,0,0,0,0,0,0,0,2,3,
696,1,1,3,1,3,3,3,1,1,1,0,0,0,0,1,2,0,0,0,0,0,1,0,1,0,0,0,0,0,0,0,2,3,
697,1,2,3,1,4,2,3,0,1,1,0,1,0,0,1,3,0,0,0,0,0,1,0,1,0,0,0,0,0,0,0,2,3,
698,1,1,3,1,3,3,3,1,1,1,0,0,0,0,1,2,0,0,0,0,0,1,0,1,0,0,0,0,0,0,0,2,3,
699,1,2,3,1,4,2,3,0,1,1,0,1,0,0,1,3,0,0,0,0,0,1,0,1,0,0,0,0,0,0,0,2,3,
700,1,1,3,1,3,3,3,1,1,1,0,0,0,0,1,2,0,0,0,0,0,1,0,1,0,0,0,0,0,0,0,2,3,
701,1,2,3,1,4,2,3,0,1,1,0,1,0,0,1,3,0,0,0,0,0,1,0,1,0,0,0,0,0,0,0,2,3,
702,1,1,3,1,3,3,3,1,1,1,0,0,0,0,1,2,0,0,0,0,0,1,0,1,0,0,0,0,0,0,0,2,3,
703,1,2,3,1,4,2,3,0,1,1,0,1,0,0,1,3,0,0,0,0,0,1,0,1,0,0,0,0,0,0,0,2,3,
704,1,1,3,1,3,3,3,1,1,1,0,0,0,0,1,2,0,0,0,0,0,1,0,1,0,0,0,0,0,0,0,2,3,
705,1,2,3,1,4,2,3,0,1,1,0,1,0,0,1,3,0,0,0,0,0,1,0,1,0,0,0,0,0,0,0,2,3,
706,1,1,3,1,3,3,3,1,1,1,0,0,0,0,1,2,0,0,0,0,0,1,0,1,0,0,0,0,0,0,0,2,3,
707,1,2,3,1,4,2,3,0,1,1,0,1,0,0,1,3,0,0,0,0,0,1,0,1,0,0,0,0,0,0,0,2,3,
708,1,1,3,1,3,3,3,1,1,1,0,0,0,0,1,2,0,0,0,0,0,1,0,1,0,0,0,0,0,0,0,2,3,
709,1,2,3,1,4,2,3,0,1,1,0,1,0,0,1,3,0,0,0,0,0,1,0,1,0,0,0,0,0,0,0,2,3,
710,1,1,3,1,3,3,3,1,1,1,0,0,0,0,1,2,0,0,0,0,0,1,0,1,0,0,0,0,0,0,0,2,3,
711,1,2,3,1,4,2,3,0,1,1,0,1,0,0,1,3,0,0,0,0,0,1,0,1,0,0,0,0,0,0,0,2,3,
712,1,1,3,1,3,3,3,1,1,1,0,0,0,0,1,2,0,0,0,0,0,1,0,1,0,0,0,0,0,0,0,2,3,
713,1,2,3,1,4,2,3,0,1,1,0,1,0,0,1,3,0,0,0,0,0,1,0,1,0,0,0,0,0,0,0,2,3,
714,1,1,3,1,3,3,3,1,1,1,0,0,0,0,1,2,0,0,0,0,0,1,0,1,0,0,0,0,0,0,0,2,3,
715,1,2,3,1,4,2,3,0,1,1,0,1,0,0,1,3,0,0,0,0,0,1,0,1,0,0,0,0,0,0,0,2,3,
716,1,1,3,1,3,3,3,1,1,1,0,0,0,0,1,2,0,0,0,0,0,1,0,1,0,0,0,0,0,0,0,2,3,
717,1,2,3,1,4,2,3,0,1,1,0,1,0,0,1,3,0,0,0,0,0,1,0,1,0,0,0,0,0,0,0,2,3,
718,1,1,3,1,3,3,3,1,1,1,0,0,0,0,1,2,0,0,0,0,0,1,0,1,0,0,0,0,0,0,0,2,3,
719,1,2,3,1,4,2,3,0,1,1,0,1,0,0,1,3,0,0,0,0,0,1,0,1,0,0,0,0,0,0,0,2,3,
720,1,1,3,1,3,3,3,1,1,1,0,0,0,0,1,2,0,0,0,0,0,1,0,1,0,0,0,0,0,0,0,2,3,
721,1,2,3,1,4,2,3,0,1,1,0,1,0,0,1,3,0,0,0,0,0,1,0,1,0,0,0,0,0,0,0,2,3,
722,1,1,3,1,3,3,3,1,1,1,0,0,0,0,1,2,0,0,0,0,0,1,0,1,0,0,0,0,0,0,0,2,3,
723,1,2,3,1,4,2,3,0,1,1,0,1,0,0,1,3,0,0,0,0,0,1,0,1,0,0,0,0,0,0,0,2,3,
724,1,1,3,1,3,3,3,1,1,1,0,0,0,0,1,2,0,0,0,0,0,1,0,1,0,0,0,0,0,0,0,2,3,
725,1,2,3,1,4,2,3,0,1,1,0,1,0,0,1,3,0,0,0,0,0,1,0,1,0,0,0,0,0,0,0,2,3,
726,1,1,3,1,3,3,3,1,1,1,0,0,0,0,1,2,0,0,0,0,0,1,0,1,0,0,0,0,0,0,0,2,3,
727,1,2,3,1,4,2,3,0,1,1,0,1,0,0,1,3,0,0,0,0,0,1,0,1,0,0,0,0,0,0,0,2,3,
728,1,1,3,1,3,3,3,1,1,1,0,0,0,0,1,2,0,0,0,0,0,1,0,1,0,0,0,0,0,0,0,2,3,
729,1,2,3,1,4,2,3,0,1,1,0,1,0,0,1,3,0,0,0,0,0,1,0,1,0,0,0,0,0,0,0,2,3,
730,1,1,3,1,3,3,3,1,1,1,0,0,0,0,1,2,0,0,0,0,0,1,0,1,0,0,0,0,0,0,0,2,3,
731,1,2,3,1,4,2,3,0,1,1,0,1,0,0,1,3,0,0,0,0,0,1,0,1,0,0,0,0,0,0,0,2,3,
732,1,1,3,1,3,3,3,1,1,1,0,0,0,0,1,2,0,0,0,0,0,1,0,1,0,0,0,0,0,0,0,2,3,
733,1,2,3,1,4,2,3,0,1,1,0,1,0,0,1,3,0,0,0,0,0,1,0,1,0,0,0,0,0,0,0,2,3,
734,1,1,3,1,3,3,3,1,1,1,0,0,0,0,1,2,0,0,0,0,0,1,0,1,0,0,0,0,0,0,0,2,3,
735,1,2,3,1,4,2,3,0,1,1,0,1,0,0,1,3,0,0,0,0,0,1,0,1,0,0,0,0,0,0,0,2,3,
736,1,1,3,1,3,3,3,1,1,1,0,0,0,0,1,2,0,0,0,0,0,1,0,1,0,0,0,0,0,0,0,2,3,
737,1,2,3,1,4,2,3,0,1,1,0,1,0,0,1,3,0,0,0,0,0,1,0,1,0,0,0,0,0,0,0,2,3,
738,1,1,3,1,3,3,3,1,1,1,0,0,0,0,1,2,0,0,0,0,0,1,0,1,0,0,0,0,0,0,0,2,3,
739,1,2,3,1,4,2,3,0,1,1,0,1,0,0,1,3,0,0,0,0,0,1,0,1,0,0,0,0,0,0,0,2,3,
740,1,1,3,1,3,3,3,1,1,1,0,0,0,0,1,2,0,0,0,0,0,1,0,1,0,0,0,0,0,0,0,2,3,
741,1,2,3,1,4,2,3,0,1,1,0,1,0,0,1,3,0,0,0,0,0,1,0,1,0,0,0,0,0,0,0,2,3,
742,1,1,3,1,3,3,3,1,1,1,0,0,0,0,1,2,0,0,0,0,0,1,0,1,0,0,0,0,0,0,0,2,3,
743,1,2,3,1,4,2,3,0,1,1,0,1,0,0,1,3,0,0,0,0,0,1,0,1,0,0,0,0,0,0,0,2,3,
744,1,1,3,1,3,3,3,1,1,1,0,0,0,0,1,2,0,0,0,0,0,1,0,1,0,0,0,0,0,0,0,2,3,
745,1,2,3,1,4,2,3,0,1,1,0,1,0,0,1,3,0,0,0,0,0,1,0,1,0,0,0,0,0,0,0,2,3,
746,1,1,3,1,3,3,3,1,1,1,0,0,0,0,1,2,0,0,0,0,0,1,0,1,0,0,0,0,0,0,0,2,3,
747,1,2,3,1,4,2,3,0,1,1,0,1,0,0,1,3,0,0,0,0,0,1,0,1,0,0,0,0,0,0,0,2,3,
748,1,1,3,1,3,3,3,1,1,1,0,0,0,0,1,2,0,0,0,0,0,1,0,1,0,0,0,0,0,0,0,2,3,
749,1,2,3,1,4,2,3,0,1,1,0,1,0,0,1,3,0,0,0,0,0,1,0,1,0,0,0,0,0,0,0,2,3,
750,1,1,3,1,3,3,3,1,1,1,0,0,0,0,1,2,0,0,0,0,0,1,0,1,0,0,0,0,0,0,0,2,3,
751,1,2,3,1,4,2,3,0,1,1,0,1,0,0,1,3,0,0,0,0,0,1,0,1,0,0,0,0,0,0,0,2,3,
